/* =================================================팩장에 해당하는 유저 생성 ===========================================================*/
INSERT INTO member_ VALUES('shoong1000@naver.com','1234','장동건','남성',25,'01000001000',sysdate,sysdate,132);
INSERT INTO member_ VALUES('shoong1100@naver.com','1234','한지민','여성',30,'010000001100',sysdate,sysdate,132);
INSERT INTO member_ VALUES('shoong1200@naver.com','1234','이동건','남성',45,'01000001200',sysdate,sysdate,132);
INSERT INTO member_ VALUES('shoong1300@naver.com','1234','이나영','여성',33,'01000001300',sysdate,sysdate,132);
INSERT INTO member_ VALUES('shoong1400@naver.com','1234','김태희','여성',41,'01000001400',sysdate,sysdate,132);
INSERT INTO member_ VALUES('shoong1500@naver.com','1234','비','남성',35,'01000001500',sysdate,sysdate,132);
INSERT INTO member_ VALUES('shoong1600@naver.com','1234','신세경','여성',26,'01000001600',sysdate,sysdate,132);
INSERT INTO member_ VALUES('shoong1700@naver.com','1234','한효주','여성',29,'01000001700',sysdate,sysdate,132);
INSERT INTO member_ VALUES('shoong1800@naver.com','1234','아이유','여성',32,'01000001800',sysdate,sysdate,132);
INSERT INTO member_ VALUES('shoong1900@naver.com','1234','고수','남성',42,'01000001900',sysdate,sysdate,132);

INSERT INTO verify VALUES('shoong1000@naver.com', 'Y');
INSERT INTO verify VALUES('shoong1100@naver.com', 'Y');
INSERT INTO verify VALUES('shoong1200@naver.com', 'Y');
INSERT INTO verify VALUES('shoong1300@naver.com', 'Y');
INSERT INTO verify VALUES('shoong1400@naver.com', 'Y');
INSERT INTO verify VALUES('shoong1500@naver.com', 'Y');
INSERT INTO verify VALUES('shoong1600@naver.com', 'Y');
INSERT INTO verify VALUES('shoong1700@naver.com', 'Y');
INSERT INTO verify VALUES('shoong1800@naver.com', 'Y');
INSERT INTO verify VALUES('shoong1900@naver.com', 'Y');

INSERT INTO useraddr VALUES('shoong1000@naver.com', '서울시 구로구',37.488004666666676,126.85213716666668);
INSERT INTO useraddr VALUES('shoong1100@naver.com', '경기도 용인시',37.324501882069015,127.25959003827327);
INSERT INTO useraddr VALUES('shoong1200@naver.com', '경기도 성남시',37.40953083324051,127.07590473712015);
INSERT INTO useraddr VALUES('shoong1300@naver.com', '경기도 용인시',37.25030499290375,127.14752182834968);
INSERT INTO useraddr VALUES('shoong1400@naver.com', '경기도 광주시',37.31789377151831,127.36065024001839);
INSERT INTO useraddr VALUES('shoong1500@naver.com', '경기도 광주시',37.32904468961533,127.28993505327924);
INSERT INTO useraddr VALUES('shoong1600@naver.com', '경기도 성남시',37.45073082410645,127.11391951067414);
INSERT INTO useraddr VALUES('shoong1700@naver.com', '경기도 성남시',37.43073658170476,127.19126149235792);
INSERT INTO useraddr VALUES('shoong1800@naver.com', '경기도 성남시',37.399067052411404,127.16010054234708);
INSERT INTO useraddr VALUES('shoong1200@naver.com', '경기도 용인시',37.289404999999995,127.1252265);

/* =================================================1000번팩 가입 완료한 유저 생성 ===========================================================*/
INSERT INTO member_ VALUES('shoong1001@naver.com','1234','양현모','남성',21,'01000001001',sysdate,sysdate,132);
INSERT INTO member_ VALUES('shoong1002@naver.com','1234','영비','남성',24,'01000001002',sysdate,sysdate,132);
INSERT INTO member_ VALUES('shoong1003@naver.com','1234','김지범','남성',21,'01000001003',sysdate,sysdate,132);
INSERT INTO member_ VALUES('shoong1004@naver.com','1234','라키','남성',28,'01000001004',sysdate,sysdate,132);
INSERT INTO member_ VALUES('shoong1005@naver.com','1234','진지희','여성',25,'01000001005',sysdate,sysdate,132);
INSERT INTO member_ VALUES('shoong1006@naver.com','1234','채영','여성',29,'01000001006',sysdate,sysdate,132);
INSERT INTO member_ VALUES('shoong1007@naver.com','1234','쯔위','여성',24,'01000001007',sysdate,sysdate,132);
INSERT INTO member_ VALUES('shoong1008@naver.com','1234','이나은','여성',23,'01000001008',sysdate,sysdate,132);
INSERT INTO member_ VALUES('shoong1009@naver.com','1234','김소혜','여성',27,'01000001009',sysdate,sysdate,132);
INSERT INTO member_ VALUES('shoong1010@naver.com','1234','김도연','여성',26,'01000001010',sysdate,sysdate,132);

INSERT INTO verify VALUES('shoong1001@naver.com', 'Y');
INSERT INTO verify VALUES('shoong1002@naver.com', 'Y');
INSERT INTO verify VALUES('shoong1003@naver.com', 'Y');
INSERT INTO verify VALUES('shoong1004@naver.com', 'Y');
INSERT INTO verify VALUES('shoong1005@naver.com', 'Y');
INSERT INTO verify VALUES('shoong1006@naver.com', 'Y');
INSERT INTO verify VALUES('shoong1007@naver.com', 'Y');
INSERT INTO verify VALUES('shoong1008@naver.com', 'Y');
INSERT INTO verify VALUES('shoong1009@naver.com', 'Y');
INSERT INTO verify VALUES('shoong1010@naver.com', 'Y');

INSERT INTO useraddr VALUES('shoong1001@naver.com', '서울시 구로구',37.488004666666676,126.85213716666668);
INSERT INTO useraddr VALUES('shoong1002@naver.com', '서울시 구로구',37.488004666666676,126.85213716666668);
INSERT INTO useraddr VALUES('shoong1003@naver.com', '서울시 구로구',37.488004666666676,126.85213716666668);
INSERT INTO useraddr VALUES('shoong1004@naver.com', '서울시 구로구',37.488004666666676,126.85213716666668);
INSERT INTO useraddr VALUES('shoong1005@naver.com', '서울시 구로구',37.488004666666676,126.85213716666668);
INSERT INTO useraddr VALUES('shoong1006@naver.com', '서울시 구로구',37.488004666666676,126.85213716666668);
INSERT INTO useraddr VALUES('shoong1007@naver.com', '서울시 구로구',37.488004666666676,126.85213716666668);
INSERT INTO useraddr VALUES('shoong1008@naver.com', '서울시 구로구',37.488004666666676,126.85213716666668);
INSERT INTO useraddr VALUES('shoong1009@naver.com', '서울시 구로구',37.488004666666676,126.85213716666668);
INSERT INTO useraddr VALUES('shoong1010@naver.com', '서울시 구로구',37.488004666666676,126.85213716666668);

/* =================================================1000번팩 가입 미 완료한 유저 생성 ===========================================================*/
INSERT INTO member_ VALUES('shoong1011@naver.com','1234','이선빈','여성',21,'01000001011',sysdate,sysdate,132);
INSERT INTO member_ VALUES('shoong1012@naver.com','1234','강지영','여성',28,'01000001012',sysdate,sysdate,132);
INSERT INTO member_ VALUES('shoong1013@naver.com','1234','수지','남성',28,'01000001013',sysdate,sysdate,132);
INSERT INTO member_ VALUES('shoong1014@naver.com','1234','남태현','남성',22,'01000001014',sysdate,sysdate,132);
INSERT INTO member_ VALUES('shoong1015@naver.com','1234','김민규','남성',29,'01000001015',sysdate,sysdate,132);

INSERT INTO verify VALUES('shoong1011@naver.com', 'Y');
INSERT INTO verify VALUES('shoong1012@naver.com', 'Y');
INSERT INTO verify VALUES('shoong1013@naver.com', 'Y');
INSERT INTO verify VALUES('shoong1014@naver.com', 'Y');
INSERT INTO verify VALUES('shoong1015@naver.com', 'Y');

INSERT INTO useraddr VALUES('shoong1011@naver.com', '서울시 구로구',37.488004666666676,126.85213716666668);
INSERT INTO useraddr VALUES('shoong1012@naver.com', '서울시 구로구',37.488004666666676,126.85213716666668);
INSERT INTO useraddr VALUES('shoong1013@naver.com', '서울시 구로구',37.488004666666676,126.85213716666668);
INSERT INTO useraddr VALUES('shoong1014@naver.com', '서울시 구로구',37.488004666666676,126.85213716666668);
INSERT INTO useraddr VALUES('shoong1015@naver.com', '서울시 구로구',37.488004666666676,126.85213716666668);

/* =================================================1100번팩 가입 완료한 유저 생성 ===========================================================*/
INSERT INTO member_ VALUES('shoong1101@naver.com','1234','사이먼도미닉','남성',31,'01000001101',sysdate,sysdate,132);
INSERT INTO member_ VALUES('shoong1102@naver.com','1234','예성','남성',34,'01000001102',sysdate,sysdate,132);
INSERT INTO member_ VALUES('shoong1103@naver.com','1234','윤두준','남성',31,'01000001103',sysdate,sysdate,132);
INSERT INTO member_ VALUES('shoong1104@naver.com','1234','로꼬','남성',38,'01000001104',sysdate,sysdate,132);
INSERT INTO member_ VALUES('shoong1105@naver.com','1234','이국주','여성',33,'01000001105',sysdate,sysdate,132);
INSERT INTO member_ VALUES('shoong1106@naver.com','1234','태연','여성',37,'01000001106',sysdate,sysdate,132);
INSERT INTO member_ VALUES('shoong1107@naver.com','1234','윤은혜','여성',35,'01000001107',sysdate,sysdate,132);
INSERT INTO member_ VALUES('shoong1108@naver.com','1234','구혜선','여성',33,'01000001108',sysdate,sysdate,132);
INSERT INTO member_ VALUES('shoong1109@naver.com','1234','김지민','여성',39,'01000001109',sysdate,sysdate,132);
INSERT INTO member_ VALUES('shoong1110@naver.com','1234','유다인','여성',30,'01000001110',sysdate,sysdate,132);

INSERT INTO verify VALUES('shoong1101@naver.com', 'Y');
INSERT INTO verify VALUES('shoong1102@naver.com', 'Y');
INSERT INTO verify VALUES('shoong1103@naver.com', 'Y');
INSERT INTO verify VALUES('shoong1104@naver.com', 'Y');
INSERT INTO verify VALUES('shoong1105@naver.com', 'Y');
INSERT INTO verify VALUES('shoong1106@naver.com', 'Y');
INSERT INTO verify VALUES('shoong1107@naver.com', 'Y');
INSERT INTO verify VALUES('shoong1108@naver.com', 'Y');
INSERT INTO verify VALUES('shoong1109@naver.com', 'Y');
INSERT INTO verify VALUES('shoong1110@naver.com', 'Y');

INSERT INTO useraddr VALUES('shoong1101@naver.com', '경기도 용인시',37.324501882069015,127.25959003827327);
INSERT INTO useraddr VALUES('shoong1102@naver.com', '경기도 용인시',37.324501882069015,127.25959003827327);
INSERT INTO useraddr VALUES('shoong1103@naver.com', '경기도 용인시',37.324501882069015,127.25959003827327);
INSERT INTO useraddr VALUES('shoong1104@naver.com', '경기도 용인시',37.324501882069015,127.25959003827327);
INSERT INTO useraddr VALUES('shoong1105@naver.com', '경기도 용인시',37.324501882069015,127.25959003827327);
INSERT INTO useraddr VALUES('shoong1106@naver.com', '경기도 용인시',37.324501882069015,127.25959003827327);
INSERT INTO useraddr VALUES('shoong1107@naver.com', '경기도 용인시',37.324501882069015,127.25959003827327);
INSERT INTO useraddr VALUES('shoong1108@naver.com', '경기도 용인시',37.324501882069015,127.25959003827327);
INSERT INTO useraddr VALUES('shoong1109@naver.com', '경기도 용인시',37.324501882069015,127.25959003827327);
INSERT INTO useraddr VALUES('shoong1110@naver.com', '경기도 용인시',37.324501882069015,127.25959003827327);

/* =================================================1100번팩 가입 미 완료한 유저 생성 ===========================================================*/
INSERT INTO member_ VALUES('shoong1111@naver.com','1234','임영웅','남성',30,'01000001111',sysdate,sysdate,132);
INSERT INTO member_ VALUES('shoong1112@naver.com','1234','권나라','여성',33,'01000001112',sysdate,sysdate,132);
INSERT INTO member_ VALUES('shoong1113@naver.com','1234','박유환','남성',36,'01000001113',sysdate,sysdate,132);
INSERT INTO member_ VALUES('shoong1114@naver.com','1234','아이린','여성',38,'01000001114',sysdate,sysdate,132);
INSERT INTO member_ VALUES('shoong1115@naver.com','1234','김고은','여성',31,'01000001115',sysdate,sysdate,132);

INSERT INTO verify VALUES('shoong1111@naver.com', 'Y');
INSERT INTO verify VALUES('shoong1112@naver.com', 'Y');
INSERT INTO verify VALUES('shoong1113@naver.com', 'Y');
INSERT INTO verify VALUES('shoong1114@naver.com', 'Y');
INSERT INTO verify VALUES('shoong1115@naver.com', 'Y');

INSERT INTO useraddr VALUES('shoong1111@naver.com', '경기도 용인시',37.324501882069015,127.25959003827327);
INSERT INTO useraddr VALUES('shoong1112@naver.com', '경기도 용인시',37.324501882069015,127.25959003827327);
INSERT INTO useraddr VALUES('shoong1113@naver.com', '경기도 용인시',37.324501882069015,127.25959003827327);
INSERT INTO useraddr VALUES('shoong1114@naver.com', '경기도 용인시',37.324501882069015,127.25959003827327);
INSERT INTO useraddr VALUES('shoong1115@naver.com', '경기도 용인시',37.324501882069015,127.25959003827327);

/* =================================================1200번팩 가입 완료한 유저 생성 ===========================================================*/
INSERT INTO member_ VALUES('shoong1201@naver.com','1234','나얼','남성',41,'01000001201',sysdate,sysdate,132);
INSERT INTO member_ VALUES('shoong1202@naver.com','1234','윤계상','남성',44,'01000001202',sysdate,sysdate,132);
INSERT INTO member_ VALUES('shoong1203@naver.com','1234','은지원','남성',41,'01000001203',sysdate,sysdate,132);
INSERT INTO member_ VALUES('shoong1204@naver.com','1234','라키','남성',43,'01000001204',sysdate,sysdate,132);
INSERT INTO member_ VALUES('shoong1205@naver.com','1234','남궁민','남성',45,'01000001205',sysdate,sysdate,132);
INSERT INTO member_ VALUES('shoong1206@naver.com','1234','문희준','남성',49,'01000001206',sysdate,sysdate,132);
INSERT INTO member_ VALUES('shoong1207@naver.com','1234','윤세아','여성',48,'01000001207',sysdate,sysdate,132);
INSERT INTO member_ VALUES('shoong1208@naver.com','1234','하지원','여성',47,'01000001208',sysdate,sysdate,132);
INSERT INTO member_ VALUES('shoong1209@naver.com','1234','이지아','여성',46,'01000001209',sysdate,sysdate,132);
INSERT INTO member_ VALUES('shoong1210@naver.com','1234','박은혜','여성',40,'01000001210',sysdate,sysdate,132);

INSERT INTO verify VALUES('shoong1201@naver.com', 'Y');
INSERT INTO verify VALUES('shoong1202@naver.com', 'Y');
INSERT INTO verify VALUES('shoong1203@naver.com', 'Y');
INSERT INTO verify VALUES('shoong1204@naver.com', 'Y');
INSERT INTO verify VALUES('shoong1205@naver.com', 'Y');
INSERT INTO verify VALUES('shoong1206@naver.com', 'Y');
INSERT INTO verify VALUES('shoong1207@naver.com', 'Y');
INSERT INTO verify VALUES('shoong1208@naver.com', 'Y');
INSERT INTO verify VALUES('shoong1209@naver.com', 'Y');
INSERT INTO verify VALUES('shoong1210@naver.com', 'Y');

INSERT INTO useraddr VALUES('shoong1201@naver.com', '경기도 성남시',37.40953083324051,127.07590473712015);
INSERT INTO useraddr VALUES('shoong1202@naver.com', '경기도 성남시',37.40953083324051,127.07590473712015);
INSERT INTO useraddr VALUES('shoong1203@naver.com', '경기도 성남시',37.40953083324051,127.07590473712015);
INSERT INTO useraddr VALUES('shoong1204@naver.com', '경기도 성남시',37.40953083324051,127.07590473712015);
INSERT INTO useraddr VALUES('shoong1205@naver.com', '경기도 성남시',37.40953083324051,127.07590473712015);
INSERT INTO useraddr VALUES('shoong1206@naver.com', '경기도 성남시',37.40953083324051,127.07590473712015);
INSERT INTO useraddr VALUES('shoong1207@naver.com', '경기도 성남시',37.40953083324051,127.07590473712015);
INSERT INTO useraddr VALUES('shoong1208@naver.com', '경기도 성남시',37.40953083324051,127.07590473712015);
INSERT INTO useraddr VALUES('shoong1209@naver.com', '경기도 성남시',37.40953083324051,127.07590473712015);
INSERT INTO useraddr VALUES('shoong1210@naver.com', '경기도 성남시',37.40953083324051,127.07590473712015);

/* =================================================1200번팩 가입 미 완료한 유저 생성 ===========================================================*/
INSERT INTO member_ VALUES('shoong1211@naver.com','1234','최강희','여성',40,'01000001211',sysdate,sysdate,132);
INSERT INTO member_ VALUES('shoong1212@naver.com','1234','김경란','여성',41,'01000001212',sysdate,sysdate,132);
INSERT INTO member_ VALUES('shoong1213@naver.com','1234','원빈','남성',46,'01000001213',sysdate,sysdate,132);
INSERT INTO member_ VALUES('shoong1214@naver.com','1234','소지섭','남성',44,'01000001214',sysdate,sysdate,132);
INSERT INTO member_ VALUES('shoong1215@naver.com','1234','추상미','여성',48,'01000001215',sysdate,sysdate,132);

INSERT INTO verify VALUES('shoong1211@naver.com', 'Y');
INSERT INTO verify VALUES('shoong1212@naver.com', 'Y');
INSERT INTO verify VALUES('shoong1213@naver.com', 'Y');
INSERT INTO verify VALUES('shoong1214@naver.com', 'Y');
INSERT INTO verify VALUES('shoong1215@naver.com', 'Y');

INSERT INTO useraddr VALUES('shoong1211@naver.com', '경기도 성남시',37.40953083324051,127.07590473712015);
INSERT INTO useraddr VALUES('shoong1212@naver.com', '경기도 성남시',37.40953083324051,127.07590473712015);
INSERT INTO useraddr VALUES('shoong1213@naver.com', '경기도 성남시',37.40953083324051,127.07590473712015);
INSERT INTO useraddr VALUES('shoong1214@naver.com', '경기도 성남시',37.40953083324051,127.07590473712015);
INSERT INTO useraddr VALUES('shoong1215@naver.com', '경기도 성남시',37.40953083324051,127.07590473712015);

/* =================================================팩 생성 ===========================================================*/
insert into pack values(1000,'전국일주','#전국일주#맛집탐방','서울시 구로구','주 1회','20대','다같이화목한분위기로자전거탑시다~','packLogo1.png',37.488004666666676,126.85213716666668);
insert into PACK values(1100,'동네 한바퀴','#맛집투어#오솔길','경기도 용인시','주 1회','30대','다같이 돌자 동네 한바퀴~','packLogo1.png',37.324501882069015,127.25959003827327);
insert into PACK values(1200,'호잇호잇','#공원#오솔길','경기도 성남시','주 4회 이상','40대','자전거를 좋아하시는분 같이 탑시다','packLogo5.png',37.40953083324051,127.07590473712015);
insert into PACK values(1300,'페달의 민족','#맛집투어#여행','경기도 용인시','주 2~3회','30대','30대 회사원들이 많습니다~','packLogo3.png',37.25030499290375,127.14752182834968);
insert into PACK values(1400,'먼저가욧','#동네#맛집투어','경기도 광주시','주 4회 이상','40대','다 같이 취미 생활 즐기실 분 모집해요~','packLogo4.png',37.31789377151831,127.36065024001839);
insert into PACK values(1500,'네발자전거 단','#캠핑#감성','경기도 광주시','주 2~3회','30대','잘부탁드립니다~','packLogo5.png',37.32904468961533,127.28993505327924);
insert into PACK values(1600,'레알 마드리드','#장거리#전국일주','경기도 성남시','주 1회','20대','흥 많은 20대들의 모임','packLogo6.png',37.45073082410645,127.11391951067414);
insert into PACK values(1700,'자전거라이더','#공원#자연','경기도 성남시','주 1회','20대','대박나세요~','packLogo7.png',37.43073658170476,127.19126149235792);
insert into PACK values(1800,'자 가보자~','#전국#맛집','경기도 성남시','주 2~3회','30대','장거리 자전거를 많이 즐깁니다','packLogo6.png',37.399067052411404,127.16010054234708);
insert into PACK values(1900,'따르릉 따르릉','#취미#산악자전거','경기도 용인시','주 1회','40대','용인사는 사람 모여~~라~','packLogo2.png',37.289404999999995,127.1252265);

insert into pack_manager values('shoong1000@naver.com','1000','master');
insert into pack_manager values('shoong1100@naver.com','1100','master');
insert into pack_manager values('shoong1200@naver.com','1200','master');
insert into pack_manager values('shoong1300@naver.com','1300','master');
insert into pack_manager values('shoong1400@naver.com','1400','master');
insert into pack_manager values('shoong1500@naver.com','1500','master');
insert into pack_manager values('shoong1600@naver.com','1600','master');
insert into pack_manager values('shoong1700@naver.com','1700','master');
insert into pack_manager values('shoong1800@naver.com','1800','master');
insert into pack_manager values('shoong1900@naver.com','1900','master');

insert into pack_create values('shoong1000@naver.com','1000',DEFAULT);
insert into pack_create values('shoong1100@naver.com','1100',DEFAULT);
insert into pack_create values('shoong1200@naver.com','1200',DEFAULT);
insert into pack_create values('shoong1300@naver.com','1300',DEFAULT);
insert into pack_create values('shoong1400@naver.com','1400',DEFAULT);
insert into pack_create values('shoong1500@naver.com','1500',DEFAULT);
insert into pack_create values('shoong1600@naver.com','1600',DEFAULT);
insert into pack_create values('shoong1700@naver.com','1700',DEFAULT);
insert into pack_create values('shoong1800@naver.com','1800',DEFAULT);
insert into pack_create values('shoong1900@naver.com','1900',DEFAULT);

insert into pack_join values(1000,'shoong1000@naver.com',1000,DEFAULT,'yes',DEFAULT);
insert into pack_join values(1100,'shoong1100@naver.com',1100,DEFAULT,'yes',DEFAULT);
insert into pack_join values(1200,'shoong1200@naver.com',1200,DEFAULT,'yes',DEFAULT);
insert into pack_join values(1300,'shoong1300@naver.com',1300,DEFAULT,'yes',DEFAULT); 
insert into pack_join values(1400,'shoong1400@naver.com',1400,DEFAULT,'yes',DEFAULT); 
insert into pack_join values(1500,'shoong1500@naver.com',1500,DEFAULT,'yes',DEFAULT);
insert into pack_join values(1600,'shoong1600@naver.com',1600,DEFAULT,'yes',DEFAULT);
insert into pack_join values(1700,'shoong1700@naver.com',1700,DEFAULT,'yes',DEFAULT); 
insert into pack_join values(1800,'shoong1800@naver.com',1800,DEFAULT,'yes',DEFAULT); 
insert into pack_join values(1900,'shoong1900@naver.com',1900,DEFAULT,'yes',DEFAULT);

/* =================================================팩 가입 승인완료 ===========================================================*/
insert into pack_join values(1001,'shoong1001@naver.com',1001,DEFAULT,'yes',DEFAULT);
insert into pack_join values(1002,'shoong1002@naver.com',1002,DEFAULT,'yes',DEFAULT);
insert into pack_join values(1003,'shoong1003@naver.com',1003,DEFAULT,'yes',DEFAULT);
insert into pack_join values(1004,'shoong1004@naver.com',1004,DEFAULT,'yes',DEFAULT);
insert into pack_join values(1005,'shoong1005@naver.com',1005,DEFAULT,'yes',DEFAULT);
insert into pack_join values(1006,'shoong1006@naver.com',1006,DEFAULT,'yes',DEFAULT);
insert into pack_join values(1007,'shoong1007@naver.com',1007,DEFAULT,'yes',DEFAULT);
insert into pack_join values(1008,'shoong1008@naver.com',1008,DEFAULT,'yes',DEFAULT);
insert into pack_join values(1009,'shoong1009@naver.com',1009,DEFAULT,'yes',DEFAULT);
insert into pack_join values(1010,'shoong1010@naver.com',1010,DEFAULT,'yes',DEFAULT);

insert into pack_join values(1101,'shoong1101@naver.com',1101,DEFAULT,'yes',DEFAULT);
insert into pack_join values(1102,'shoong1102@naver.com',1102,DEFAULT,'yes',DEFAULT);
insert into pack_join values(1103,'shoong1103@naver.com',1103,DEFAULT,'yes',DEFAULT);
insert into pack_join values(1104,'shoong1104@naver.com',1104,DEFAULT,'yes',DEFAULT);
insert into pack_join values(1105,'shoong1105@naver.com',1105,DEFAULT,'yes',DEFAULT);
insert into pack_join values(1106,'shoong1106@naver.com',1106,DEFAULT,'yes',DEFAULT);
insert into pack_join values(1107,'shoong1107@naver.com',1107,DEFAULT,'yes',DEFAULT);
insert into pack_join values(1108,'shoong1108@naver.com',1108,DEFAULT,'yes',DEFAULT);
insert into pack_join values(1109,'shoong1109@naver.com',1109,DEFAULT,'yes',DEFAULT);
insert into pack_join values(1110,'shoong1110@naver.com',1110,DEFAULT,'yes',DEFAULT);

insert into pack_join values(1201,'shoong1201@naver.com',1201,DEFAULT,'yes',DEFAULT);
insert into pack_join values(1202,'shoong1202@naver.com',1202,DEFAULT,'yes',DEFAULT);
insert into pack_join values(1203,'shoong1203@naver.com',1203,DEFAULT,'yes',DEFAULT);
insert into pack_join values(1204,'shoong1204@naver.com',1204,DEFAULT,'yes',DEFAULT);
insert into pack_join values(1205,'shoong1205@naver.com',1205,DEFAULT,'yes',DEFAULT);
insert into pack_join values(1206,'shoong1206@naver.com',1206,DEFAULT,'yes',DEFAULT);
insert into pack_join values(1207,'shoong1207@naver.com',1207,DEFAULT,'yes',DEFAULT);
insert into pack_join values(1208,'shoong1208@naver.com',1208,DEFAULT,'yes',DEFAULT);
insert into pack_join values(1209,'shoong1209@naver.com',1209,DEFAULT,'yes',DEFAULT);
insert into pack_join values(1210,'shoong1210@naver.com',1210,DEFAULT,'yes',DEFAULT);

/* =================================================팩 가입 미 승인 ===========================================================*/
insert into pack_join values(1011,'shoong1011@naver.com',1011,DEFAULT,'no',DEFAULT);
insert into pack_join values(1012,'shoong1012@naver.com',1012,DEFAULT,'no',DEFAULT);
insert into pack_join values(1013,'shoong1013@naver.com',1013,DEFAULT,'no',DEFAULT);
insert into pack_join values(1014,'shoong1014@naver.com',1014,DEFAULT,'no',DEFAULT);
insert into pack_join values(1015,'shoong1015@naver.com',1015,DEFAULT,'no',DEFAULT);

insert into pack_join values(1111,'shoong1111@naver.com',1111,DEFAULT,'no',DEFAULT);
insert into pack_join values(1112,'shoong1112@naver.com',1112,DEFAULT,'no',DEFAULT);
insert into pack_join values(1113,'shoong1113@naver.com',1113,DEFAULT,'no',DEFAULT);
insert into pack_join values(1114,'shoong1114@naver.com',1114,DEFAULT,'no',DEFAULT);
insert into pack_join values(1115,'shoong1115@naver.com',1115,DEFAULT,'no',DEFAULT);

insert into pack_join values(1211,'shoong1211@naver.com',1211,DEFAULT,'no',DEFAULT);
insert into pack_join values(1212,'shoong1212@naver.com',1212,DEFAULT,'no',DEFAULT);
insert into pack_join values(1213,'shoong1213@naver.com',1213,DEFAULT,'no',DEFAULT);
insert into pack_join values(1214,'shoong1214@naver.com',1214,DEFAULT,'no',DEFAULT);
insert into pack_join values(1215,'shoong1215@naver.com',1215,DEFAULT,'no',DEFAULT);

/* =================================================팩 공지사항 ===========================================================*/
insert into pack_notice values(1000,'shoong1000@naver.com','1000','연초 회식 공지',DEFAULT,'코로나로 인해 회식을 연기하기로 했습니다')
insert into pack_notice values(1001,'shoong1000@naver.com','1000','코로나 사항 공지',DEFAULT,'코로나로 인해 5인 이상 집합을 하면 안됩니다 잘 지켜주세요')
insert into pack_notice values(1002,'shoong1000@naver.com','1000','라이딩시 지참할 물건들',DEFAULT,'헬멧, 무선 이어폰, 여벌 옷, 회비 꼭 지참해주세요')
insert into pack_notice values(1003,'shoong1000@naver.com','1000','팩 활동이 적으신 분들 제명하겠습니다',DEFAULT,'팩 활동에 참여 부탁드립니다')
insert into pack_notice values(1004,'shoong1000@naver.com','1000','팩 규칙',DEFAULT,'서로 욕하면서 싸우지 않습니다')
insert into pack_notice values(1005,'shoong1000@naver.com','1000','팩 장 위임 연기 공지',DEFAULT,'사정으로 인해 팩 장 위임이 연기 되었습니다')
insert into pack_notice values(1006,'shoong1000@naver.com','1000','팩 장 위임 공지',DEFAULT,'팩 장이 변경 되었습니다')
insert into pack_notice values(1007,'shoong1000@naver.com','1000','팩 로고 변경 공지',DEFAULT,'팩 로고가 변경 되었습니다')
insert into pack_notice values(1008,'shoong1000@naver.com','1000','팩 스케줄 등록 공지',DEFAULT,'무분별한 등록은 자제 부탁드립니다')
insert into pack_notice values(1009,'shoong1000@naver.com','1000','단체 톡방 공지',DEFAULT,'나이 이름 형식에 맞춰주세요')
insert into pack_notice values(1010,'shoong1000@naver.com','1000','팩 이름 변경 공지',DEFAULT,'여러분과 의논 후 팩 이름이 변경을 변경하였습니다')
insert into pack_notice values(1011,'shoong1000@naver.com','1000','부팩장 선출 공지',DEFAULT,'부팩장을 2명 뽑으려고 합니다 많은 지원 부탁드립니다')
insert into pack_notice values(1012,'shoong1000@naver.com','1000','부팩장 공지',DEFAULT,'부팩장 선임이 완료 되었습니다')
insert into pack_notice values(1013,'shoong1000@naver.com','1000','설날 공지',DEFAULT,'설날 코로나 조심하시고 즐겁게 보내세요')
insert into pack_notice values(1014,'shoong1000@naver.com','1000','설날 이후 모임 공지',DEFAULT,'설날 이후 같이 라이딩을 자제 부탁드립니다')

insert into pack_notice values(1100,'shoong1100@naver.com','1100','연초 회식 공지',DEFAULT,'코로나로 인해 회식을 연기하기로 했습니다')
insert into pack_notice values(1101,'shoong1100@naver.com','1100','코로나 사항 공지',DEFAULT,'코로나로 인해 5인 이상 집합을 하면 안됩니다 잘 지켜주세요')
insert into pack_notice values(1102,'shoong1100@naver.com','1100','라이딩시 지참할 물건들',DEFAULT,'헬멧, 무선 이어폰, 여벌 옷, 회비 꼭 지참해주세요')
insert into pack_notice values(1103,'shoong1100@naver.com','1100','팩 활동이 적으신 분들 제명하겠습니다',DEFAULT,'팩 활동에 참여 부탁드립니다')
insert into pack_notice values(1104,'shoong1100@naver.com','1100','팩 규칙',DEFAULT,'서로 욕하면서 싸우지 않습니다')
insert into pack_notice values(1105,'shoong1100@naver.com','1100','팩 장 위임 연기 공지',DEFAULT,'사정으로 인해 팩 장 위임이 연기 되었습니다')
insert into pack_notice values(1106,'shoong1100@naver.com','1100','팩 장 위임 공지',DEFAULT,'팩 장이 변경 되었습니다')
insert into pack_notice values(1107,'shoong1100@naver.com','1100','팩 로고 변경 공지',DEFAULT,'팩 로고가 변경 되었습니다')
insert into pack_notice values(1108,'shoong1100@naver.com','1100','팩 스케줄 등록 공지',DEFAULT,'무분별한 등록은 자제 부탁드립니다')
insert into pack_notice values(1109,'shoong1100@naver.com','1100','단체 톡방 공지',DEFAULT,'나이 이름 형식에 맞춰주세요')
insert into pack_notice values(1110,'shoong1100@naver.com','1100','팩 이름 변경 공지',DEFAULT,'여러분과 의논 후 팩 이름이 변경을 변경하였습니다')
insert into pack_notice values(1111,'shoong1100@naver.com','1100','부팩장 선출 공지',DEFAULT,'부팩장을 2명 뽑으려고 합니다 많은 지원 부탁드립니다')
insert into pack_notice values(1112,'shoong1100@naver.com','1100','부팩장 공지',DEFAULT,'부팩장 선임이 완료 되었습니다')
insert into pack_notice values(1113,'shoong1100@naver.com','1100','설날 공지',DEFAULT,'설날 코로나 조심하시고 즐겁게 보내세요')
insert into pack_notice values(1114,'shoong1100@naver.com','1100','설날 이후 모임 공지',DEFAULT,'설날 이후 같이 라이딩을 자제 부탁드립니다')

insert into pack_notice values(1200,'shoong1200@naver.com','1200','연초 회식 공지',DEFAULT,'코로나로 인해 회식을 연기하기로 했습니다')
insert into pack_notice values(1201,'shoong1200@naver.com','1200','코로나 사항 공지',DEFAULT,'코로나로 인해 5인 이상 집합을 하면 안됩니다 잘 지켜주세요')
insert into pack_notice values(1202,'shoong1200@naver.com','1200','라이딩시 지참할 물건들',DEFAULT,'헬멧, 무선 이어폰, 여벌 옷, 회비 꼭 지참해주세요')
insert into pack_notice values(1203,'shoong1200@naver.com','1200','팩 활동이 적으신 분들 제명하겠습니다',DEFAULT,'팩 활동에 참여 부탁드립니다')
insert into pack_notice values(1204,'shoong1200@naver.com','1200','팩 규칙',DEFAULT,'서로 욕하면서 싸우지 않습니다')
insert into pack_notice values(1205,'shoong1200@naver.com','1200','팩 장 위임 연기 공지',DEFAULT,'사정으로 인해 팩 장 위임이 연기 되었습니다')
insert into pack_notice values(1206,'shoong1200@naver.com','1200','팩 장 위임 공지',DEFAULT,'팩 장이 변경 되었습니다')
insert into pack_notice values(1207,'shoong1200@naver.com','1200','팩 로고 변경 공지',DEFAULT,'팩 로고가 변경 되었습니다')
insert into pack_notice values(1208,'shoong1200@naver.com','1200','팩 스케줄 등록 공지',DEFAULT,'무분별한 등록은 자제 부탁드립니다')
insert into pack_notice values(1209,'shoong1200@naver.com','1200','단체 톡방 공지',DEFAULT,'나이 이름 형식에 맞춰주세요')
insert into pack_notice values(1210,'shoong1200@naver.com','1200','팩 이름 변경 공지',DEFAULT,'여러분과 의논 후 팩 이름이 변경을 변경하였습니다')
insert into pack_notice values(1211,'shoong1200@naver.com','1200','부팩장 선출 공지',DEFAULT,'부팩장을 2명 뽑으려고 합니다 많은 지원 부탁드립니다')
insert into pack_notice values(1212,'shoong1200@naver.com','1200','부팩장 공지',DEFAULT,'부팩장 선임이 완료 되었습니다')
insert into pack_notice values(1213,'shoong1200@naver.com','1200','설날 공지',DEFAULT,'설날 코로나 조심하시고 즐겁게 보내세요')
insert into pack_notice values(1214,'shoong1200@naver.com','1200','설날 이후 모임 공지',DEFAULT,'설날 이후 같이 라이딩을 자제 부탁드립니다')

/* ============================================================================================================*/
