/* =================================================팩장에 해당하는 유저 생성 ===========================================================*/
INSERT INTO member_ VALUES('shoong1000@naver.com','1234','장동건','남성',25,'01000001000',sysdate,sysdate,132);
INSERT INTO member_ VALUES('shoong1100@naver.com','1234','한지민','여성',30,'010000001100',sysdate,sysdate,132);
INSERT INTO member_ VALUES('shoong1200@naver.com','1234','이동건','남성',45,'01000001200',sysdate,sysdate,132);
INSERT INTO member_ VALUES('shoong1300@naver.com','1234','이나영','여성',33,'01000001300',sysdate,sysdate,132);
INSERT INTO member_ VALUES('shoong1400@naver.com','1234','김태희','여성',41,'01000001400',sysdate,sysdate,132);
INSERT INTO member_ VALUES('shoong1500@naver.com','1234','비','남성',35,'01000001500',sysdate,sysdate,132);
INSERT INTO member_ VALUES('shoong1600@naver.com','1234','신세경','여성',26,'01000001600',sysdate,sysdate,132);
INSERT INTO member_ VALUES('shoong1700@naver.com','1234','한효주','여성',29,'01000001700',sysdate,sysdate,132);
INSERT INTO member_ VALUES('shoong1800@naver.com','1234','아이유','여성',32,'01000001800',sysdate,sysdate,132);
INSERT INTO member_ VALUES('shoong1900@naver.com','1234','고수','남성',42,'01000001900',sysdate,sysdate,132);

INSERT INTO verify VALUES('shoong1000@naver.com', 'Y');
INSERT INTO verify VALUES('shoong1100@naver.com', 'Y');
INSERT INTO verify VALUES('shoong1200@naver.com', 'Y');
INSERT INTO verify VALUES('shoong1300@naver.com', 'Y');
INSERT INTO verify VALUES('shoong1400@naver.com', 'Y');
INSERT INTO verify VALUES('shoong1500@naver.com', 'Y');
INSERT INTO verify VALUES('shoong1600@naver.com', 'Y');
INSERT INTO verify VALUES('shoong1700@naver.com', 'Y');
INSERT INTO verify VALUES('shoong1800@naver.com', 'Y');
INSERT INTO verify VALUES('shoong1900@naver.com', 'Y');

INSERT INTO useraddr VALUES('shoong1000@naver.com', '서울시 구로구',37.488004666666676,126.85213716666668);
INSERT INTO useraddr VALUES('shoong1100@naver.com', '경기도 용인시',37.324501882069015,127.25959003827327);
INSERT INTO useraddr VALUES('shoong1200@naver.com', '경기도 성남시',37.40953083324051,127.07590473712015);
INSERT INTO useraddr VALUES('shoong1300@naver.com', '경기도 용인시',37.25030499290375,127.14752182834968);
INSERT INTO useraddr VALUES('shoong1400@naver.com', '경기도 광주시',37.31789377151831,127.36065024001839);
INSERT INTO useraddr VALUES('shoong1500@naver.com', '경기도 광주시',37.32904468961533,127.28993505327924);
INSERT INTO useraddr VALUES('shoong1600@naver.com', '경기도 성남시',37.45073082410645,127.11391951067414);
INSERT INTO useraddr VALUES('shoong1700@naver.com', '경기도 성남시',37.43073658170476,127.19126149235792);
INSERT INTO useraddr VALUES('shoong1800@naver.com', '경기도 성남시',37.399067052411404,127.16010054234708);
INSERT INTO useraddr VALUES('shoong1900@naver.com', '경기도 용인시',37.289404999999995,127.1252265);

/* =================================================1000번팩 가입 완료한 유저 생성 ===========================================================*/
INSERT INTO member_ VALUES('shoong1001@naver.com','1234','양현모','남성',21,'01000001001',sysdate,sysdate,132);
INSERT INTO member_ VALUES('shoong1002@naver.com','1234','영비','남성',24,'01000001002',sysdate,sysdate,132);
INSERT INTO member_ VALUES('shoong1003@naver.com','1234','김지범','남성',21,'01000001003',sysdate,sysdate,132);
INSERT INTO member_ VALUES('shoong1004@naver.com','1234','라키','남성',28,'01000001004',sysdate,sysdate,132);
INSERT INTO member_ VALUES('shoong1005@naver.com','1234','진지희','여성',25,'01000001005',sysdate,sysdate,132);
INSERT INTO member_ VALUES('shoong1006@naver.com','1234','채영','여성',29,'01000001006',sysdate,sysdate,132);
INSERT INTO member_ VALUES('shoong1007@naver.com','1234','쯔위','여성',24,'01000001007',sysdate,sysdate,132);
INSERT INTO member_ VALUES('shoong1008@naver.com','1234','이나은','여성',23,'01000001008',sysdate,sysdate,132);
INSERT INTO member_ VALUES('shoong1009@naver.com','1234','김소혜','여성',27,'01000001009',sysdate,sysdate,132);
INSERT INTO member_ VALUES('shoong1010@naver.com','1234','김도연','여성',26,'01000001010',sysdate,sysdate,132);

INSERT INTO verify VALUES('shoong1001@naver.com', 'Y');
INSERT INTO verify VALUES('shoong1002@naver.com', 'Y');
INSERT INTO verify VALUES('shoong1003@naver.com', 'Y');
INSERT INTO verify VALUES('shoong1004@naver.com', 'Y');
INSERT INTO verify VALUES('shoong1005@naver.com', 'Y');
INSERT INTO verify VALUES('shoong1006@naver.com', 'Y');
INSERT INTO verify VALUES('shoong1007@naver.com', 'Y');
INSERT INTO verify VALUES('shoong1008@naver.com', 'Y');
INSERT INTO verify VALUES('shoong1009@naver.com', 'Y');
INSERT INTO verify VALUES('shoong1010@naver.com', 'Y');

INSERT INTO useraddr VALUES('shoong1001@naver.com', '서울시 구로구',37.488004666666676,126.85213716666668);
INSERT INTO useraddr VALUES('shoong1002@naver.com', '서울시 구로구',37.488004666666676,126.85213716666668);
INSERT INTO useraddr VALUES('shoong1003@naver.com', '서울시 구로구',37.488004666666676,126.85213716666668);
INSERT INTO useraddr VALUES('shoong1004@naver.com', '서울시 구로구',37.488004666666676,126.85213716666668);
INSERT INTO useraddr VALUES('shoong1005@naver.com', '서울시 구로구',37.488004666666676,126.85213716666668);
INSERT INTO useraddr VALUES('shoong1006@naver.com', '서울시 구로구',37.488004666666676,126.85213716666668);
INSERT INTO useraddr VALUES('shoong1007@naver.com', '서울시 구로구',37.488004666666676,126.85213716666668);
INSERT INTO useraddr VALUES('shoong1008@naver.com', '서울시 구로구',37.488004666666676,126.85213716666668);
INSERT INTO useraddr VALUES('shoong1009@naver.com', '서울시 구로구',37.488004666666676,126.85213716666668);
INSERT INTO useraddr VALUES('shoong1010@naver.com', '서울시 구로구',37.488004666666676,126.85213716666668);

/* =================================================1000번팩 가입 미 완료한 유저 생성 ===========================================================*/
INSERT INTO member_ VALUES('shoong1011@naver.com','1234','이선빈','여성',21,'01000001011',sysdate,sysdate,132);
INSERT INTO member_ VALUES('shoong1012@naver.com','1234','강지영','여성',28,'01000001012',sysdate,sysdate,132);
INSERT INTO member_ VALUES('shoong1013@naver.com','1234','수지','남성',28,'01000001013',sysdate,sysdate,132);
INSERT INTO member_ VALUES('shoong1014@naver.com','1234','남태현','남성',22,'01000001014',sysdate,sysdate,132);
INSERT INTO member_ VALUES('shoong1015@naver.com','1234','김민규','남성',29,'01000001015',sysdate,sysdate,132);

INSERT INTO verify VALUES('shoong1011@naver.com', 'Y');
INSERT INTO verify VALUES('shoong1012@naver.com', 'Y');
INSERT INTO verify VALUES('shoong1013@naver.com', 'Y');
INSERT INTO verify VALUES('shoong1014@naver.com', 'Y');
INSERT INTO verify VALUES('shoong1015@naver.com', 'Y');

INSERT INTO useraddr VALUES('shoong1011@naver.com', '서울시 구로구',37.488004666666676,126.85213716666668);
INSERT INTO useraddr VALUES('shoong1012@naver.com', '서울시 구로구',37.488004666666676,126.85213716666668);
INSERT INTO useraddr VALUES('shoong1013@naver.com', '서울시 구로구',37.488004666666676,126.85213716666668);
INSERT INTO useraddr VALUES('shoong1014@naver.com', '서울시 구로구',37.488004666666676,126.85213716666668);
INSERT INTO useraddr VALUES('shoong1015@naver.com', '서울시 구로구',37.488004666666676,126.85213716666668);

/* =================================================1100번팩 가입 완료한 유저 생성 ===========================================================*/
INSERT INTO member_ VALUES('shoong1101@naver.com','1234','사이먼도미닉','남성',31,'01000001101',sysdate,sysdate,132);
INSERT INTO member_ VALUES('shoong1102@naver.com','1234','예성','남성',34,'01000001102',sysdate,sysdate,132);
INSERT INTO member_ VALUES('shoong1103@naver.com','1234','윤두준','남성',31,'01000001103',sysdate,sysdate,132);
INSERT INTO member_ VALUES('shoong1104@naver.com','1234','로꼬','남성',38,'01000001104',sysdate,sysdate,132);
INSERT INTO member_ VALUES('shoong1105@naver.com','1234','이국주','여성',33,'01000001105',sysdate,sysdate,132);
INSERT INTO member_ VALUES('shoong1106@naver.com','1234','태연','여성',37,'01000001106',sysdate,sysdate,132);
INSERT INTO member_ VALUES('shoong1107@naver.com','1234','윤은혜','여성',35,'01000001107',sysdate,sysdate,132);
INSERT INTO member_ VALUES('shoong1108@naver.com','1234','구혜선','여성',33,'01000001108',sysdate,sysdate,132);
INSERT INTO member_ VALUES('shoong1109@naver.com','1234','김지민','여성',39,'01000001109',sysdate,sysdate,132);
INSERT INTO member_ VALUES('shoong1110@naver.com','1234','유다인','여성',30,'01000001110',sysdate,sysdate,132);

INSERT INTO verify VALUES('shoong1101@naver.com', 'Y');
INSERT INTO verify VALUES('shoong1102@naver.com', 'Y');
INSERT INTO verify VALUES('shoong1103@naver.com', 'Y');
INSERT INTO verify VALUES('shoong1104@naver.com', 'Y');
INSERT INTO verify VALUES('shoong1105@naver.com', 'Y');
INSERT INTO verify VALUES('shoong1106@naver.com', 'Y');
INSERT INTO verify VALUES('shoong1107@naver.com', 'Y');
INSERT INTO verify VALUES('shoong1108@naver.com', 'Y');
INSERT INTO verify VALUES('shoong1109@naver.com', 'Y');
INSERT INTO verify VALUES('shoong1110@naver.com', 'Y');

INSERT INTO useraddr VALUES('shoong1101@naver.com', '경기도 용인시',37.324501882069015,127.25959003827327);
INSERT INTO useraddr VALUES('shoong1102@naver.com', '경기도 용인시',37.324501882069015,127.25959003827327);
INSERT INTO useraddr VALUES('shoong1103@naver.com', '경기도 용인시',37.324501882069015,127.25959003827327);
INSERT INTO useraddr VALUES('shoong1104@naver.com', '경기도 용인시',37.324501882069015,127.25959003827327);
INSERT INTO useraddr VALUES('shoong1105@naver.com', '경기도 용인시',37.324501882069015,127.25959003827327);
INSERT INTO useraddr VALUES('shoong1106@naver.com', '경기도 용인시',37.324501882069015,127.25959003827327);
INSERT INTO useraddr VALUES('shoong1107@naver.com', '경기도 용인시',37.324501882069015,127.25959003827327);
INSERT INTO useraddr VALUES('shoong1108@naver.com', '경기도 용인시',37.324501882069015,127.25959003827327);
INSERT INTO useraddr VALUES('shoong1109@naver.com', '경기도 용인시',37.324501882069015,127.25959003827327);
INSERT INTO useraddr VALUES('shoong1110@naver.com', '경기도 용인시',37.324501882069015,127.25959003827327);

/* =================================================1100번팩 가입 미 완료한 유저 생성 ===========================================================*/
INSERT INTO member_ VALUES('shoong1111@naver.com','1234','임영웅','남성',30,'01000001111',sysdate,sysdate,132);
INSERT INTO member_ VALUES('shoong1112@naver.com','1234','권나라','여성',33,'01000001112',sysdate,sysdate,132);
INSERT INTO member_ VALUES('shoong1113@naver.com','1234','박유환','남성',36,'01000001113',sysdate,sysdate,132);
INSERT INTO member_ VALUES('shoong1114@naver.com','1234','아이린','여성',38,'01000001114',sysdate,sysdate,132);
INSERT INTO member_ VALUES('shoong1115@naver.com','1234','김고은','여성',31,'01000001115',sysdate,sysdate,132);

INSERT INTO verify VALUES('shoong1111@naver.com', 'Y');
INSERT INTO verify VALUES('shoong1112@naver.com', 'Y');
INSERT INTO verify VALUES('shoong1113@naver.com', 'Y');
INSERT INTO verify VALUES('shoong1114@naver.com', 'Y');
INSERT INTO verify VALUES('shoong1115@naver.com', 'Y');

INSERT INTO useraddr VALUES('shoong1111@naver.com', '경기도 용인시',37.324501882069015,127.25959003827327);
INSERT INTO useraddr VALUES('shoong1112@naver.com', '경기도 용인시',37.324501882069015,127.25959003827327);
INSERT INTO useraddr VALUES('shoong1113@naver.com', '경기도 용인시',37.324501882069015,127.25959003827327);
INSERT INTO useraddr VALUES('shoong1114@naver.com', '경기도 용인시',37.324501882069015,127.25959003827327);
INSERT INTO useraddr VALUES('shoong1115@naver.com', '경기도 용인시',37.324501882069015,127.25959003827327);

/* =================================================1200번팩 가입 완료한 유저 생성 ===========================================================*/
INSERT INTO member_ VALUES('shoong1201@naver.com','1234','나얼','남성',41,'01000001201',sysdate,sysdate,132);
INSERT INTO member_ VALUES('shoong1202@naver.com','1234','윤계상','남성',44,'01000001202',sysdate,sysdate,132);
INSERT INTO member_ VALUES('shoong1203@naver.com','1234','은지원','남성',41,'01000001203',sysdate,sysdate,132);
INSERT INTO member_ VALUES('shoong1204@naver.com','1234','라키','남성',43,'01000001204',sysdate,sysdate,132);
INSERT INTO member_ VALUES('shoong1205@naver.com','1234','남궁민','남성',45,'01000001205',sysdate,sysdate,132);
INSERT INTO member_ VALUES('shoong1206@naver.com','1234','문희준','남성',49,'01000001206',sysdate,sysdate,132);
INSERT INTO member_ VALUES('shoong1207@naver.com','1234','윤세아','여성',48,'01000001207',sysdate,sysdate,132);
INSERT INTO member_ VALUES('shoong1208@naver.com','1234','하지원','여성',47,'01000001208',sysdate,sysdate,132);
INSERT INTO member_ VALUES('shoong1209@naver.com','1234','이지아','여성',46,'01000001209',sysdate,sysdate,132);
INSERT INTO member_ VALUES('shoong1210@naver.com','1234','박은혜','여성',40,'01000001210',sysdate,sysdate,132);

INSERT INTO verify VALUES('shoong1201@naver.com', 'Y');
INSERT INTO verify VALUES('shoong1202@naver.com', 'Y');
INSERT INTO verify VALUES('shoong1203@naver.com', 'Y');
INSERT INTO verify VALUES('shoong1204@naver.com', 'Y');
INSERT INTO verify VALUES('shoong1205@naver.com', 'Y');
INSERT INTO verify VALUES('shoong1206@naver.com', 'Y');
INSERT INTO verify VALUES('shoong1207@naver.com', 'Y');
INSERT INTO verify VALUES('shoong1208@naver.com', 'Y');
INSERT INTO verify VALUES('shoong1209@naver.com', 'Y');
INSERT INTO verify VALUES('shoong1210@naver.com', 'Y');

INSERT INTO useraddr VALUES('shoong1201@naver.com', '경기도 성남시',37.40953083324051,127.07590473712015);
INSERT INTO useraddr VALUES('shoong1202@naver.com', '경기도 성남시',37.40953083324051,127.07590473712015);
INSERT INTO useraddr VALUES('shoong1203@naver.com', '경기도 성남시',37.40953083324051,127.07590473712015);
INSERT INTO useraddr VALUES('shoong1204@naver.com', '경기도 성남시',37.40953083324051,127.07590473712015);
INSERT INTO useraddr VALUES('shoong1205@naver.com', '경기도 성남시',37.40953083324051,127.07590473712015);
INSERT INTO useraddr VALUES('shoong1206@naver.com', '경기도 성남시',37.40953083324051,127.07590473712015);
INSERT INTO useraddr VALUES('shoong1207@naver.com', '경기도 성남시',37.40953083324051,127.07590473712015);
INSERT INTO useraddr VALUES('shoong1208@naver.com', '경기도 성남시',37.40953083324051,127.07590473712015);
INSERT INTO useraddr VALUES('shoong1209@naver.com', '경기도 성남시',37.40953083324051,127.07590473712015);
INSERT INTO useraddr VALUES('shoong1210@naver.com', '경기도 성남시',37.40953083324051,127.07590473712015);

/* =================================================1200번팩 가입 미 완료한 유저 생성 ===========================================================*/
INSERT INTO member_ VALUES('shoong1211@naver.com','1234','최강희','여성',40,'01000001211',sysdate,sysdate,132);
INSERT INTO member_ VALUES('shoong1212@naver.com','1234','김경란','여성',41,'01000001212',sysdate,sysdate,132);
INSERT INTO member_ VALUES('shoong1213@naver.com','1234','원빈','남성',46,'01000001213',sysdate,sysdate,132);
INSERT INTO member_ VALUES('shoong1214@naver.com','1234','소지섭','남성',44,'01000001214',sysdate,sysdate,132);
INSERT INTO member_ VALUES('shoong1215@naver.com','1234','추상미','여성',48,'01000001215',sysdate,sysdate,132);

INSERT INTO verify VALUES('shoong1211@naver.com', 'Y');
INSERT INTO verify VALUES('shoong1212@naver.com', 'Y');
INSERT INTO verify VALUES('shoong1213@naver.com', 'Y');
INSERT INTO verify VALUES('shoong1214@naver.com', 'Y');
INSERT INTO verify VALUES('shoong1215@naver.com', 'Y');

INSERT INTO useraddr VALUES('shoong1211@naver.com', '경기도 성남시',37.40953083324051,127.07590473712015);
INSERT INTO useraddr VALUES('shoong1212@naver.com', '경기도 성남시',37.40953083324051,127.07590473712015);
INSERT INTO useraddr VALUES('shoong1213@naver.com', '경기도 성남시',37.40953083324051,127.07590473712015);
INSERT INTO useraddr VALUES('shoong1214@naver.com', '경기도 성남시',37.40953083324051,127.07590473712015);
INSERT INTO useraddr VALUES('shoong1215@naver.com', '경기도 성남시',37.40953083324051,127.07590473712015);
