/* =================================================팩장에 해당하는 유저 생성 ===========================================================*/
INSERT INTO member_ VALUES('shoong1000@naver.com','1234','장동건','남성',25,'01000001000',sysdate,sysdate,132);
INSERT INTO member_ VALUES('shoong1100@naver.com','1234','한지민','여성',30,'010000001100',sysdate,sysdate,132);
INSERT INTO member_ VALUES('shoong1200@naver.com','1234','이동건','남성',45,'01000001200',sysdate,sysdate,132);
INSERT INTO member_ VALUES('shoong1300@naver.com','1234','이나영','여성',33,'01000001300',sysdate,sysdate,132);
INSERT INTO member_ VALUES('shoong1400@naver.com','1234','김태희','여성',41,'01000001400',sysdate,sysdate,132);
INSERT INTO member_ VALUES('shoong1500@naver.com','1234','비','남성',35,'01000001500',sysdate,sysdate,132);
INSERT INTO member_ VALUES('shoong1600@naver.com','1234','신세경','여성',26,'01000001600',sysdate,sysdate,132);
INSERT INTO member_ VALUES('shoong1700@naver.com','1234','한효주','여성',29,'01000001700',sysdate,sysdate,132);
INSERT INTO member_ VALUES('shoong1800@naver.com','1234','아이유','여성',32,'01000001800',sysdate,sysdate,132);
INSERT INTO member_ VALUES('shoong1900@naver.com','1234','고수','남성',42,'01000001900',sysdate,sysdate,132);

INSERT INTO verify VALUES('shoong1000@naver.com', 'Y');
INSERT INTO verify VALUES('shoong1100@naver.com', 'Y');
INSERT INTO verify VALUES('shoong1200@naver.com', 'Y');
INSERT INTO verify VALUES('shoong1300@naver.com', 'Y');
INSERT INTO verify VALUES('shoong1400@naver.com', 'Y');
INSERT INTO verify VALUES('shoong1500@naver.com', 'Y');
INSERT INTO verify VALUES('shoong1600@naver.com', 'Y');
INSERT INTO verify VALUES('shoong1700@naver.com', 'Y');
INSERT INTO verify VALUES('shoong1800@naver.com', 'Y');
INSERT INTO verify VALUES('shoong1900@naver.com', 'Y');

INSERT INTO useraddr VALUES('shoong1000@naver.com', '서울시 구로구',37.488004666666676,126.85213716666668);
INSERT INTO useraddr VALUES('shoong1100@naver.com', '경기도 용인시',37.324501882069015,127.25959003827327);
INSERT INTO useraddr VALUES('shoong1200@naver.com', '경기도 성남시',37.40953083324051,127.07590473712015);
INSERT INTO useraddr VALUES('shoong1300@naver.com', '경기도 용인시',37.25030499290375,127.14752182834968);
INSERT INTO useraddr VALUES('shoong1400@naver.com', '경기도 광주시',37.31789377151831,127.36065024001839);
INSERT INTO useraddr VALUES('shoong1500@naver.com', '경기도 광주시',37.32904468961533,127.28993505327924);
INSERT INTO useraddr VALUES('shoong1600@naver.com', '경기도 성남시',37.45073082410645,127.11391951067414);
INSERT INTO useraddr VALUES('shoong1700@naver.com', '경기도 성남시',37.43073658170476,127.19126149235792);
INSERT INTO useraddr VALUES('shoong1800@naver.com', '경기도 성남시',37.399067052411404,127.16010054234708);
INSERT INTO useraddr VALUES('shoong1900@naver.com', '경기도 용인시',37.289404999999995,127.1252265);