/* ================================================= Member Insert ===========================================================*/
/* =================================================팩장에 해당하는 유저 생성 ===========================================================*/
INSERT INTO member_ VALUES('shoong1000@naver.com','1234','우경환','남성',29,'01000001000',sysdate,sysdate,132);
INSERT INTO member_ VALUES('shoong1100@naver.com','1234','한지민','여성',30,'010000001100',sysdate,sysdate,132);
INSERT INTO member_ VALUES('shoong1200@naver.com','1234','이동건','남성',45,'01000001200',sysdate,sysdate,132);
INSERT INTO member_ VALUES('shoong1300@naver.com','1234','이나영','여성',33,'01000001300',sysdate,sysdate,132);
INSERT INTO member_ VALUES('shoong1400@naver.com','1234','김태희','여성',41,'01000001400',sysdate,sysdate,132);
INSERT INTO member_ VALUES('shoong1500@naver.com','1234','비','남성',35,'01000001500',sysdate,sysdate,132);
INSERT INTO member_ VALUES('shoong1600@naver.com','1234','신세경','여성',26,'01000001600',sysdate,sysdate,132);
INSERT INTO member_ VALUES('shoong1700@naver.com','1234','한효주','여성',29,'01000001700',sysdate,sysdate,132);
INSERT INTO member_ VALUES('shoong1800@naver.com','1234','아이유','여성',32,'01000001800',sysdate,sysdate,132);
INSERT INTO member_ VALUES('shoong1900@naver.com','1234','고수','남성',42,'01000001900',sysdate,sysdate,132);

INSERT INTO verify VALUES('shoong1000@naver.com', 'Y');
INSERT INTO verify VALUES('shoong1100@naver.com', 'Y');
INSERT INTO verify VALUES('shoong1200@naver.com', 'Y');
INSERT INTO verify VALUES('shoong1300@naver.com', 'Y');
INSERT INTO verify VALUES('shoong1400@naver.com', 'Y');
INSERT INTO verify VALUES('shoong1500@naver.com', 'Y');
INSERT INTO verify VALUES('shoong1600@naver.com', 'Y');
INSERT INTO verify VALUES('shoong1700@naver.com', 'Y');
INSERT INTO verify VALUES('shoong1800@naver.com', 'Y');
INSERT INTO verify VALUES('shoong1900@naver.com', 'Y');

INSERT INTO useraddr VALUES('shoong1000@naver.com', '서울특별시 구로구',37.478987,126.878826);
INSERT INTO useraddr VALUES('shoong1100@naver.com', '경기도 용인시',37.324501882069015,127.25959003827327);
INSERT INTO useraddr VALUES('shoong1200@naver.com', '경기도 성남시',37.40953083324051,127.07590473712015);
INSERT INTO useraddr VALUES('shoong1300@naver.com', '경기도 용인시',37.25030499290375,127.14752182834968);
INSERT INTO useraddr VALUES('shoong1400@naver.com', '경기도 광주시',37.31789377151831,127.36065024001839);
INSERT INTO useraddr VALUES('shoong1500@naver.com', '경기도 광주시',37.32904468961533,127.28993505327924);
INSERT INTO useraddr VALUES('shoong1600@naver.com', '경기도 성남시',37.45073082410645,127.11391951067414);
INSERT INTO useraddr VALUES('shoong1700@naver.com', '경기도 성남시',37.43073658170476,127.19126149235792);
INSERT INTO useraddr VALUES('shoong1800@naver.com', '경기도 성남시',37.399067052411404,127.16010054234708);
INSERT INTO useraddr VALUES('shoong1900@naver.com', '경기도 용인시',37.289404999999995,127.1252265);

/* =================================================1000번팩 가입 완료한 유저 생성 ===========================================================*/
INSERT INTO member_ VALUES('shoong1001@naver.com','1234','전별','여성',26,'01000001001',sysdate,sysdate,132);
INSERT INTO member_ VALUES('shoong1002@naver.com','1234','이은선','여성',22,'01000001002',sysdate,sysdate,132);
INSERT INTO member_ VALUES('shoong1003@naver.com','1234','김유경','여성',28,'01000001003',sysdate,sysdate,132);
INSERT INTO member_ VALUES('shoong1004@naver.com','1234','김종현','남성',29,'01000001004',sysdate,sysdate,132);
INSERT INTO member_ VALUES('shoong1005@naver.com','1234','백웅기','남성',28,'01000001005',sysdate,sysdate,132);
/*
INSERT INTO member_ VALUES('shoong1006@naver.com','1234','채영','여성',29,'01000001006',sysdate,sysdate,132);
INSERT INTO member_ VALUES('shoong1007@naver.com','1234','쯔위','여성',24,'01000001007',sysdate,sysdate,132);
INSERT INTO member_ VALUES('shoong1008@naver.com','1234','이나은','여성',23,'01000001008',sysdate,sysdate,132);
INSERT INTO member_ VALUES('shoong1009@naver.com','1234','김소혜','여성',27,'01000001009',sysdate,sysdate,132);
INSERT INTO member_ VALUES('shoong1010@naver.com','1234','김도연','여성',26,'01000001010',sysdate,sysdate,132);
*/

INSERT INTO verify VALUES('shoong1001@naver.com', 'Y');
INSERT INTO verify VALUES('shoong1002@naver.com', 'Y');
INSERT INTO verify VALUES('shoong1003@naver.com', 'Y');
INSERT INTO verify VALUES('shoong1004@naver.com', 'Y');
INSERT INTO verify VALUES('shoong1005@naver.com', 'Y');
/*
INSERT INTO verify VALUES('shoong1006@naver.com', 'Y');
INSERT INTO verify VALUES('shoong1007@naver.com', 'Y');
INSERT INTO verify VALUES('shoong1008@naver.com', 'Y');
INSERT INTO verify VALUES('shoong1009@naver.com', 'Y');
INSERT INTO verify VALUES('shoong1010@naver.com', 'Y');
*/

INSERT INTO useraddr VALUES('shoong1001@naver.com', '서울시 구로구',37.488004666666676,126.85213716666668);
INSERT INTO useraddr VALUES('shoong1002@naver.com', '서울시 구로구',37.488004666666676,126.85213716666668);
INSERT INTO useraddr VALUES('shoong1003@naver.com', '서울시 구로구',37.488004666666676,126.85213716666668);
INSERT INTO useraddr VALUES('shoong1004@naver.com', '서울시 구로구',37.488004666666676,126.85213716666668);
INSERT INTO useraddr VALUES('shoong1005@naver.com', '서울시 구로구',37.488004666666676,126.85213716666668);
/*
INSERT INTO useraddr VALUES('shoong1006@naver.com', '서울시 구로구',37.488004666666676,126.85213716666668);
INSERT INTO useraddr VALUES('shoong1007@naver.com', '서울시 구로구',37.488004666666676,126.85213716666668);
INSERT INTO useraddr VALUES('shoong1008@naver.com', '서울시 구로구',37.488004666666676,126.85213716666668);
INSERT INTO useraddr VALUES('shoong1009@naver.com', '서울시 구로구',37.488004666666676,126.85213716666668);
INSERT INTO useraddr VALUES('shoong1010@naver.com', '서울시 구로구',37.488004666666676,126.85213716666668);
*/

/* =================================================1000번팩 가입 미 완료한 유저 생성 ===========================================================*/
INSERT INTO member_ VALUES('shoong1011@naver.com','1234','이동규','남성',26,'01000001011',sysdate,sysdate,132);
INSERT INTO member_ VALUES('shoong1012@naver.com','1234','서민규','남성',31,'01000001012',sysdate,sysdate,132);
INSERT INTO member_ VALUES('shoong1013@naver.com','1234','양민혁','남성',26,'01000001013',sysdate,sysdate,132);
INSERT INTO member_ VALUES('shoong1014@naver.com','1234','김우석','남성',26,'01000001014',sysdate,sysdate,132);
INSERT INTO member_ VALUES('shoong1015@naver.com','1234','최민정','여성',29,'01000001015',sysdate,sysdate,132);

INSERT INTO verify VALUES('shoong1011@naver.com', 'Y');
INSERT INTO verify VALUES('shoong1012@naver.com', 'Y');
INSERT INTO verify VALUES('shoong1013@naver.com', 'Y');
INSERT INTO verify VALUES('shoong1014@naver.com', 'Y');
INSERT INTO verify VALUES('shoong1015@naver.com', 'Y');

INSERT INTO useraddr VALUES('shoong1011@naver.com', '서울시 구로구',37.488004666666676,126.85213716666668);
INSERT INTO useraddr VALUES('shoong1012@naver.com', '서울시 구로구',37.488004666666676,126.85213716666668);
INSERT INTO useraddr VALUES('shoong1013@naver.com', '서울시 구로구',37.488004666666676,126.85213716666668);
INSERT INTO useraddr VALUES('shoong1014@naver.com', '서울시 구로구',37.488004666666676,126.85213716666668);
INSERT INTO useraddr VALUES('shoong1015@naver.com', '서울시 구로구',37.488004666666676,126.85213716666668);

/* =================================================1100번팩 가입 완료한 유저 생성 ===========================================================*/
INSERT INTO member_ VALUES('shoong1101@naver.com','1234','사이먼도미닉','남성',31,'01000001101',sysdate,sysdate,132);
INSERT INTO member_ VALUES('shoong1102@naver.com','1234','예성','남성',34,'01000001102',sysdate,sysdate,132);
INSERT INTO member_ VALUES('shoong1103@naver.com','1234','윤두준','남성',31,'01000001103',sysdate,sysdate,132);
INSERT INTO member_ VALUES('shoong1104@naver.com','1234','로꼬','남성',38,'01000001104',sysdate,sysdate,132);
INSERT INTO member_ VALUES('shoong1105@naver.com','1234','이국주','여성',33,'01000001105',sysdate,sysdate,132);
INSERT INTO member_ VALUES('shoong1106@naver.com','1234','태연','여성',37,'01000001106',sysdate,sysdate,132);
INSERT INTO member_ VALUES('shoong1107@naver.com','1234','윤은혜','여성',35,'01000001107',sysdate,sysdate,132);
INSERT INTO member_ VALUES('shoong1108@naver.com','1234','구혜선','여성',33,'01000001108',sysdate,sysdate,132);
INSERT INTO member_ VALUES('shoong1109@naver.com','1234','김지민','여성',39,'01000001109',sysdate,sysdate,132);
INSERT INTO member_ VALUES('shoong1110@naver.com','1234','유다인','여성',30,'01000001110',sysdate,sysdate,132);

INSERT INTO verify VALUES('shoong1101@naver.com', 'Y');
INSERT INTO verify VALUES('shoong1102@naver.com', 'Y');
INSERT INTO verify VALUES('shoong1103@naver.com', 'Y');
INSERT INTO verify VALUES('shoong1104@naver.com', 'Y');
INSERT INTO verify VALUES('shoong1105@naver.com', 'Y');
INSERT INTO verify VALUES('shoong1106@naver.com', 'Y');
INSERT INTO verify VALUES('shoong1107@naver.com', 'Y');
INSERT INTO verify VALUES('shoong1108@naver.com', 'Y');
INSERT INTO verify VALUES('shoong1109@naver.com', 'Y');
INSERT INTO verify VALUES('shoong1110@naver.com', 'Y');

INSERT INTO useraddr VALUES('shoong1101@naver.com', '경기도 용인시',37.324501882069015,127.25959003827327);
INSERT INTO useraddr VALUES('shoong1102@naver.com', '경기도 용인시',37.324501882069015,127.25959003827327);
INSERT INTO useraddr VALUES('shoong1103@naver.com', '경기도 용인시',37.324501882069015,127.25959003827327);
INSERT INTO useraddr VALUES('shoong1104@naver.com', '경기도 용인시',37.324501882069015,127.25959003827327);
INSERT INTO useraddr VALUES('shoong1105@naver.com', '경기도 용인시',37.324501882069015,127.25959003827327);
INSERT INTO useraddr VALUES('shoong1106@naver.com', '경기도 용인시',37.324501882069015,127.25959003827327);
INSERT INTO useraddr VALUES('shoong1107@naver.com', '경기도 용인시',37.324501882069015,127.25959003827327);
INSERT INTO useraddr VALUES('shoong1108@naver.com', '경기도 용인시',37.324501882069015,127.25959003827327);
INSERT INTO useraddr VALUES('shoong1109@naver.com', '경기도 용인시',37.324501882069015,127.25959003827327);
INSERT INTO useraddr VALUES('shoong1110@naver.com', '경기도 용인시',37.324501882069015,127.25959003827327);

/* =================================================1100번팩 가입 미 완료한 유저 생성 ===========================================================*/
INSERT INTO member_ VALUES('shoong1111@naver.com','1234','임영웅','남성',30,'01000001111',sysdate,sysdate,132);
INSERT INTO member_ VALUES('shoong1112@naver.com','1234','권나라','여성',33,'01000001112',sysdate,sysdate,132);
INSERT INTO member_ VALUES('shoong1113@naver.com','1234','박유환','남성',36,'01000001113',sysdate,sysdate,132);
INSERT INTO member_ VALUES('shoong1114@naver.com','1234','아이린','여성',38,'01000001114',sysdate,sysdate,132);
INSERT INTO member_ VALUES('shoong1115@naver.com','1234','김고은','여성',31,'01000001115',sysdate,sysdate,132);

INSERT INTO verify VALUES('shoong1111@naver.com', 'Y');
INSERT INTO verify VALUES('shoong1112@naver.com', 'Y');
INSERT INTO verify VALUES('shoong1113@naver.com', 'Y');
INSERT INTO verify VALUES('shoong1114@naver.com', 'Y');
INSERT INTO verify VALUES('shoong1115@naver.com', 'Y');

INSERT INTO useraddr VALUES('shoong1111@naver.com', '경기도 용인시',37.324501882069015,127.25959003827327);
INSERT INTO useraddr VALUES('shoong1112@naver.com', '경기도 용인시',37.324501882069015,127.25959003827327);
INSERT INTO useraddr VALUES('shoong1113@naver.com', '경기도 용인시',37.324501882069015,127.25959003827327);
INSERT INTO useraddr VALUES('shoong1114@naver.com', '경기도 용인시',37.324501882069015,127.25959003827327);
INSERT INTO useraddr VALUES('shoong1115@naver.com', '경기도 용인시',37.324501882069015,127.25959003827327);

/* =================================================1200번팩 가입 완료한 유저 생성 ===========================================================*/
INSERT INTO member_ VALUES('shoong1201@naver.com','1234','나얼','남성',41,'01000001201',sysdate,sysdate,132);
INSERT INTO member_ VALUES('shoong1202@naver.com','1234','윤계상','남성',44,'01000001202',sysdate,sysdate,132);
INSERT INTO member_ VALUES('shoong1203@naver.com','1234','은지원','남성',41,'01000001203',sysdate,sysdate,132);
INSERT INTO member_ VALUES('shoong1204@naver.com','1234','라키','남성',43,'01000001204',sysdate,sysdate,132);
INSERT INTO member_ VALUES('shoong1205@naver.com','1234','남궁민','남성',45,'01000001205',sysdate,sysdate,132);
INSERT INTO member_ VALUES('shoong1206@naver.com','1234','문희준','남성',49,'01000001206',sysdate,sysdate,132);
INSERT INTO member_ VALUES('shoong1207@naver.com','1234','윤세아','여성',48,'01000001207',sysdate,sysdate,132);
INSERT INTO member_ VALUES('shoong1208@naver.com','1234','하지원','여성',47,'01000001208',sysdate,sysdate,132);
INSERT INTO member_ VALUES('shoong1209@naver.com','1234','이지아','여성',46,'01000001209',sysdate,sysdate,132);
INSERT INTO member_ VALUES('shoong1210@naver.com','1234','박은혜','여성',40,'01000001210',sysdate,sysdate,132);

INSERT INTO verify VALUES('shoong1201@naver.com', 'Y');
INSERT INTO verify VALUES('shoong1202@naver.com', 'Y');
INSERT INTO verify VALUES('shoong1203@naver.com', 'Y');
INSERT INTO verify VALUES('shoong1204@naver.com', 'Y');
INSERT INTO verify VALUES('shoong1205@naver.com', 'Y');
INSERT INTO verify VALUES('shoong1206@naver.com', 'Y');
INSERT INTO verify VALUES('shoong1207@naver.com', 'Y');
INSERT INTO verify VALUES('shoong1208@naver.com', 'Y');
INSERT INTO verify VALUES('shoong1209@naver.com', 'Y');
INSERT INTO verify VALUES('shoong1210@naver.com', 'Y');

INSERT INTO useraddr VALUES('shoong1201@naver.com', '경기도 성남시',37.40953083324051,127.07590473712015);
INSERT INTO useraddr VALUES('shoong1202@naver.com', '경기도 성남시',37.40953083324051,127.07590473712015);
INSERT INTO useraddr VALUES('shoong1203@naver.com', '경기도 성남시',37.40953083324051,127.07590473712015);
INSERT INTO useraddr VALUES('shoong1204@naver.com', '경기도 성남시',37.40953083324051,127.07590473712015);
INSERT INTO useraddr VALUES('shoong1205@naver.com', '경기도 성남시',37.40953083324051,127.07590473712015);
INSERT INTO useraddr VALUES('shoong1206@naver.com', '경기도 성남시',37.40953083324051,127.07590473712015);
INSERT INTO useraddr VALUES('shoong1207@naver.com', '경기도 성남시',37.40953083324051,127.07590473712015);
INSERT INTO useraddr VALUES('shoong1208@naver.com', '경기도 성남시',37.40953083324051,127.07590473712015);
INSERT INTO useraddr VALUES('shoong1209@naver.com', '경기도 성남시',37.40953083324051,127.07590473712015);
INSERT INTO useraddr VALUES('shoong1210@naver.com', '경기도 성남시',37.40953083324051,127.07590473712015);

/* =================================================1200번팩 가입 미 완료한 유저 생성 ===========================================================*/
INSERT INTO member_ VALUES('shoong1211@naver.com','1234','최강희','여성',40,'01000001211',sysdate,sysdate,132);
INSERT INTO member_ VALUES('shoong1212@naver.com','1234','김경란','여성',41,'01000001212',sysdate,sysdate,132);
INSERT INTO member_ VALUES('shoong1213@naver.com','1234','원빈','남성',46,'01000001213',sysdate,sysdate,132);
INSERT INTO member_ VALUES('shoong1214@naver.com','1234','소지섭','남성',44,'01000001214',sysdate,sysdate,132);
INSERT INTO member_ VALUES('shoong1215@naver.com','1234','추상미','여성',48,'01000001215',sysdate,sysdate,132);

INSERT INTO verify VALUES('shoong1211@naver.com', 'Y');
INSERT INTO verify VALUES('shoong1212@naver.com', 'Y');
INSERT INTO verify VALUES('shoong1213@naver.com', 'Y');
INSERT INTO verify VALUES('shoong1214@naver.com', 'Y');
INSERT INTO verify VALUES('shoong1215@naver.com', 'Y');

INSERT INTO useraddr VALUES('shoong1211@naver.com', '경기도 성남시',37.40953083324051,127.07590473712015);
INSERT INTO useraddr VALUES('shoong1212@naver.com', '경기도 성남시',37.40953083324051,127.07590473712015);
INSERT INTO useraddr VALUES('shoong1213@naver.com', '경기도 성남시',37.40953083324051,127.07590473712015);
INSERT INTO useraddr VALUES('shoong1214@naver.com', '경기도 성남시',37.40953083324051,127.07590473712015);
INSERT INTO useraddr VALUES('shoong1215@naver.com', '경기도 성남시',37.40953083324051,127.07590473712015);

/* ================================================= Course Insert ===========================================================*/
/*==============================================course category 추가===========================================*/
INSERT INTO course_cate VALUES (101,'감성코스','course_cate_mood.jpg');
INSERT INTO course_cate VALUES (102,'맛집코스','course_cate_restaurant.jpg');
INSERT INTO course_cate VALUES (103,'숨겨진코스','course_cate_hidden.jpg');
INSERT INTO course_cate VALUES (104,'도전코스','course_cate_challenge.jpg');

/*==============================================course 추가====================================================*/
insert into COURSE(COURSE_ID,COURSE_NAME,COURSE_CATE_ID,USER_ID,COURSE_TIME,COURSE_LENGTH,COURSE_DATE,COURSE_FILE_NAME) 
values (101,'한강 라이딩',101,'shoong1000@naver.com','120','58',TO_DATE('21-01-31 20:41:00','YY-MM-DD HH24:MI:SS'),'coursesample1.json');
insert into COURSE(COURSE_ID,COURSE_NAME,COURSE_CATE_ID,USER_ID,COURSE_TIME,COURSE_LENGTH,COURSE_DATE,COURSE_FILE_NAME) 
values (102,'소양강 라이딩',104,'shoong1000@naver.com','93','80',TO_DATE('21-01-31 20:41:00','YY-MM-DD HH24:MI:SS'),'coursesample2.json');
insert into COURSE(COURSE_ID,COURSE_NAME,COURSE_CATE_ID,USER_ID,COURSE_TIME,COURSE_LENGTH,COURSE_DATE,COURSE_FILE_NAME) 
values (103,'막국수가 있는 라이딩',102,'shoong1000@naver.com','12','3',TO_DATE('21-01-31 20:41:00','YY-MM-DD HH24:MI:SS'),'coursesample3.json');
insert into COURSE(COURSE_ID,COURSE_NAME,COURSE_CATE_ID,USER_ID,COURSE_TIME,COURSE_LENGTH,COURSE_DATE,COURSE_FILE_NAME) 
values (104,'단풍길 라이딩',104,'shoong1000@naver.com','100','180',TO_DATE('21-01-31 20:41:00','YY-MM-DD HH24:MI:SS'),'coursesample4.json');
insert into COURSE(COURSE_ID,COURSE_NAME,COURSE_CATE_ID,USER_ID,COURSE_TIME,COURSE_LENGTH,COURSE_DATE,COURSE_FILE_NAME) 
values (105,'팔당댐 라이딩',101,'shoong1000@naver.com','91','71',TO_DATE('21-01-31 20:41:00','YY-MM-DD HH24:MI:SS'),'coursesample5.json');
insert into COURSE(COURSE_ID,COURSE_NAME,COURSE_CATE_ID,USER_ID,COURSE_TIME,COURSE_LENGTH,COURSE_DATE,COURSE_FILE_NAME) 
values (106,'동해바다 라이딩',104,'shoong1000@naver.com','60','45',TO_DATE('21-01-31 20:41:00','YY-MM-DD HH24:MI:SS'),'coursesample6.json');
insert into COURSE(COURSE_ID,COURSE_NAME,COURSE_CATE_ID,USER_ID,COURSE_TIME,COURSE_LENGTH,COURSE_DATE,COURSE_FILE_NAME) 
values (107,'제주도 한바퀴 라이딩',103,'shoong1000@naver.com','180','210',TO_DATE('21-01-31 20:41:00','YY-MM-DD HH24:MI:SS'),'coursesample7.json');
insert into COURSE(COURSE_ID,COURSE_NAME,COURSE_CATE_ID,USER_ID,COURSE_TIME,COURSE_LENGTH,COURSE_DATE,COURSE_FILE_NAME) 
values (108,'북한강 라이딩',104,'shoong1000@naver.com','45','30',TO_DATE('21-01-31 20:41:00','YY-MM-DD HH24:MI:SS'),'coursesample8.json');
insert into COURSE(COURSE_ID,COURSE_NAME,COURSE_CATE_ID,USER_ID,COURSE_TIME,COURSE_LENGTH,COURSE_DATE,COURSE_FILE_NAME) 
values (109,'해운대 라이딩',102,'shoong1000@naver.com','30','15',TO_DATE('21-01-31 20:41:00','YY-MM-DD HH24:MI:SS'),'coursesample9.json');
insert into COURSE(COURSE_ID,COURSE_NAME,COURSE_CATE_ID,USER_ID,COURSE_TIME,COURSE_LENGTH,COURSE_DATE,COURSE_FILE_NAME) 
values (110,'벛꽃풍경 라이딩',103,'shoong1000@naver.com','50','55',TO_DATE('21-01-31 20:41:00','YY-MM-DD HH24:MI:SS'),'coursesample10.json');

/* ================================================= Record Insert ===========================================================*/

insert into RECORD_(record_id,user_id,course_id,record_file_name,record_length,record_date,DURATION) values (201,'shoong1000@naver.com',101,'recordsample1.json',52.4,'2020-11-14','6000');
insert into RECORD_(record_id,user_id,course_id,record_file_name,record_length,record_date,DURATION) values (202,'shoong1000@naver.com',102,'recordsample2.json',22,'2021-11-22','7500');
insert into RECORD_(record_id,user_id,course_id,record_file_name,record_length,record_date,DURATION) values (203,'shoong1000@naver.com',103,'recordsample3.json',5.6,'2021-12-3','8500');
insert into RECORD_(record_id,user_id,course_id,record_file_name,record_length,record_date,DURATION) values (204,'shoong1000@naver.com',104,'recordsample4.json',24.3,'2021-12-14','7800');
insert into RECORD_(record_id,user_id,record_file_name,record_length,record_date,DURATION) values (205,'shoong1000@naver.com','recordsample5.json',32.4,'2021-1-1','12500');
insert into RECORD_(record_id,user_id,course_id,record_file_name,record_length,record_date,DURATION) values (206,'shoong1000@naver.com',106,'recordsample6.json',34,'2021-1-3','13500');
insert into RECORD_(record_id,user_id,record_file_name,record_length,record_date,DURATION) values (207,'shoong1000@naver.com','recordsample7.json',32.4,'2021-1-8','7400');
insert into RECORD_(record_id,user_id,course_id,record_file_name,record_length,record_date,DURATION) values (208,'shoong1000@naver.com',108,'recordsample8.json',51,'2021-2-1','17500');
insert into RECORD_(record_id,user_id,course_id,record_file_name,record_length,record_date,DURATION) values (209,'shoong1000@naver.com',109,'recordsample9.json',32.4,'2021-2-3','27500');
insert into RECORD_(record_id,user_id,record_file_name,record_length,record_date,DURATION) values (210,'shoong1000@naver.com','recordsample10.json',42,'2021-2-5','21310');

/* ================================================= Mypage Insert ===========================================================*/

insert into DIARY values(301,201,'shoong1000@naver.com','친구랑 함께','제목1_메인_내용','2021-12-1','diary_th_sample1.jpg');
insert into DIARY values(302,202,'shoong1000@naver.com','아주 더운 날','제목2_메인_내용','2021-12-11','diary_th_sample2.jpg');
insert into DIARY values(303,203,'shoong1000@naver.com','언제봐도 아름다운 소양강','제목3_메인_내용','2021-12-12','diary_th_sample3.jpg');
insert into DIARY values(304,204,'shoong1000@naver.com','꽃길을 지나요','제목4_메인_내용','2021-12-13','diary_th_sample4.jpg');
insert into DIARY values(305,205,'shoong1000@naver.com','또 왔다 소양강','제목5_메인_내용','2021-1-4','diary_th_sample5.jpg');
insert into DIARY values(306,206,'shoong1000@naver.com','맑은 하늘이 이쁘다','제목6_메인_내용','2021-1-5','diary_th_sample6.jpg');
insert into DIARY values(307,207,'shoong1000@naver.com','인생 사진','제목7_메인_내용','2021-1-6','diary_th_sample7.jpg');
insert into DIARY values(308,208,'shoong1000@naver.com','꽃이 핀 날','제목8_메인_내용','2021-1-9','diary_th_sample8.jpg');
insert into DIARY values(309,209,'shoong1000@naver.com','인생 자전거 사진','바닷길 이쁜 사진들~','2021-1-16','diary_th_sample9.jpg');
insert into DIARY values(310,210,'shoong1000@naver.com','어느 맑은 날','팩 사람들이랑 자전거 여행~','2021-1-17','diary_th_sample10.jpg');

insert into DIARY_IMG values(401,301,'diaryImg_sample1_1.jpg','소제목1','소제목1 내용');
insert into DIARY_IMG values(402,301,'diaryImg_sample1_2.jpg','소제목2','소제목2 내용');
insert into DIARY_IMG values(403,301,'diaryImg_sample1_3.jpg','소제목3','소제목3 내용');
insert into DIARY_IMG values(404,301,'diaryImg_sample1_4.jpg','소제목4','소제목4 내용');
insert into DIARY_IMG values(405,302,'diaryImg_sample2_1.jpg','소제목1','소제목1 내용');
insert into DIARY_IMG values(406,302,'diaryImg_sample2_2.jpg','소제목2','소제목2 내용');
insert into DIARY_IMG values(407,302,'diaryImg_sample2_3.jpg','소제목3','소제목3 내용');
insert into DIARY_IMG values(408,303,'diaryImg_sample3_1.jpg','소제목1','소제목1 내용');
insert into DIARY_IMG values(409,303,'diaryImg_sample3_2.jpg','소제목2','소제목2 내용');
insert into DIARY_IMG values(410,304,'diaryImg_sample4_1.jpg','소제목1','소제목1 내용');
insert into DIARY_IMG values(411,304,'diaryImg_sample4_2.jpg','소제목2','소제목2 내용');
insert into DIARY_IMG values(412,305,'diaryImg_sample5_1.jpg','소제목1','소제목1 내용');
insert into DIARY_IMG values(413,306,'diaryImg_sample1_1.jpg','소제목1','소제목1 내용');
insert into DIARY_IMG values(414,307,'diaryImg_sample1_2.jpg','소제목1','소제목1 내용');
insert into DIARY_IMG values(415,309,'diaryImg_sample1_3.jpg','소제목1','소제목1 내용');
insert into DIARY_IMG values(416,309,'diaryImg_sample1_4.jpg','소제목1','소제목2 내용');
insert into DIARY_IMG values(417,310,'diaryImg_sample2_1.jpg','시작한지 얼마 안된 우리들','아직은 쌩쌩한 우리들, 완주를 하겠다는 일념으로 열심히 서로 도우면서 달려가고 있는중~');
insert into DIARY_IMG values(418,310,'diaryImg_sample2_2.jpg','선선한 강바람','강을 따라 난 자전거 길!! 이쁜 경치 보면서 라이딩');
insert into DIARY_IMG values(419,310,'diaryImg_sample2_3.jpg','날씨좋고~ 바람좋고~','화창하고 맑은 하늘 팀원이 찍어준 사진~');
insert into DIARY_IMG values(420,310,'diaryImg_sample3_1.jpg','돌아가기 전 우리가 왔던길을 다시보며','처음에는 힘들었지만, 이렇게 완주를 다하고 난뒤 코스를 찍으니 뿌듯함과 성취감이 가득');


/* ================================================= Pack Insert ===========================================================*/
/* =================================================팩 생성 ===========================================================*/
insert into pack values(1000,'전국일주','#전국일주#맛집탐방','서울특별시 금천구','주 1회','20대','다같이화목한분위기로자전거탑시다~','packLogo1.png',37.4787629,126.878667);
insert into PACK values(1100,'동네 한바퀴','#맛집투어#오솔길','경기도 용인시','주 1회','30대','다같이 돌자 동네 한바퀴~','packLogo1.png',37.324501882069015,127.25959003827327);
insert into PACK values(1200,'호잇호잇','#공원#오솔길','경기도 성남시','주 4회 이상','40대','자전거를 좋아하시는분 같이 탑시다','packLogo5.png',37.40953083324051,127.07590473712015);
insert into PACK values(1300,'페달의 민족','#맛집투어#여행','경기도 용인시','주 2~3회','30대','30대 회사원들이 많습니다~','packLogo3.png',37.25030499290375,127.14752182834968);
insert into PACK values(1400,'먼저가욧','#동네#맛집투어','경기도 광주시','주 4회 이상','40대','다 같이 취미 생활 즐기실 분 모집해요~','packLogo4.png',37.31789377151831,127.36065024001839);
insert into PACK values(1500,'네발자전거 단','#캠핑#감성','경기도 광주시','주 2~3회','30대','잘부탁드립니다~','packLogo5.png',37.32904468961533,127.28993505327924);
insert into PACK values(1600,'레알 마드리드','#장거리#전국일주','경기도 성남시','주 1회','20대','흥 많은 20대들의 모임','packLogo6.png',37.45073082410645,127.11391951067414);
insert into PACK values(1700,'자전거라이더','#공원#자연','경기도 성남시','주 1회','20대','대박나세요~','packLogo7.png',37.43073658170476,127.19126149235792);
insert into PACK values(1800,'자 가보자~','#전국#맛집','경기도 성남시','주 2~3회','30대','장거리 자전거를 많이 즐깁니다','packLogo6.png',37.399067052411404,127.16010054234708);
insert into PACK values(1900,'따르릉 따르릉','#취미#산악자전거','경기도 용인시','주 1회','40대','용인사는 사람 모여~~라~','packLogo2.png',37.289404999999995,127.1252265);

insert into pack_manager values('shoong1000@naver.com','1000','master');
insert into pack_manager values('shoong1100@naver.com','1100','master');
insert into pack_manager values('shoong1200@naver.com','1200','master');
insert into pack_manager values('shoong1300@naver.com','1300','master');
insert into pack_manager values('shoong1400@naver.com','1400','master');
insert into pack_manager values('shoong1500@naver.com','1500','master');
insert into pack_manager values('shoong1600@naver.com','1600','master');
insert into pack_manager values('shoong1700@naver.com','1700','master');
insert into pack_manager values('shoong1800@naver.com','1800','master');
insert into pack_manager values('shoong1900@naver.com','1900','master');

insert into pack_create values('shoong1000@naver.com','1000',sysdate);
insert into pack_create values('shoong1100@naver.com','1100',sysdate);
insert into pack_create values('shoong1200@naver.com','1200',sysdate);
insert into pack_create values('shoong1300@naver.com','1300',sysdate);
insert into pack_create values('shoong1400@naver.com','1400',sysdate);
insert into pack_create values('shoong1500@naver.com','1500',sysdate);
insert into pack_create values('shoong1600@naver.com','1600',sysdate);
insert into pack_create values('shoong1700@naver.com','1700',sysdate);
insert into pack_create values('shoong1800@naver.com','1800',sysdate);
insert into pack_create values('shoong1900@naver.com','1900',sysdate);

insert into pack_join values(1000,'shoong1000@naver.com',1000,sysdate,'yes',sysdate);
insert into pack_join values(1100,'shoong1100@naver.com',1100,sysdate,'yes',sysdate);
insert into pack_join values(1200,'shoong1200@naver.com',1200,sysdate,'yes',sysdate);
insert into pack_join values(1300,'shoong1300@naver.com',1300,sysdate,'yes',sysdate); 
insert into pack_join values(1400,'shoong1400@naver.com',1400,sysdate,'yes',sysdate); 
insert into pack_join values(1500,'shoong1500@naver.com',1500,sysdate,'yes',sysdate);
insert into pack_join values(1600,'shoong1600@naver.com',1600,sysdate,'yes',sysdate);
insert into pack_join values(1700,'shoong1700@naver.com',1700,sysdate,'yes',sysdate); 
insert into pack_join values(1800,'shoong1800@naver.com',1800,sysdate,'yes',sysdate); 
insert into pack_join values(1900,'shoong1900@naver.com',1900,sysdate,'yes',sysdate);

/* =================================================팩 가입 승인완료 ===========================================================*/
insert into pack_join values(1001,'shoong1001@naver.com',1000,sysdate,'yes',sysdate);
insert into pack_join values(1002,'shoong1002@naver.com',1000,sysdate,'yes',sysdate);
insert into pack_join values(1003,'shoong1003@naver.com',1000,sysdate,'yes',sysdate);
insert into pack_join values(1004,'shoong1004@naver.com',1000,sysdate,'yes',sysdate);
insert into pack_join values(1005,'shoong1005@naver.com',1000,sysdate,'yes',sysdate);
/*
insert into pack_join values(1006,'shoong1006@naver.com',1000,sysdate,'yes',sysdate);
insert into pack_join values(1007,'shoong1007@naver.com',1000,sysdate,'yes',sysdate);
insert into pack_join values(1008,'shoong1008@naver.com',1000,sysdate,'yes',sysdate);
insert into pack_join values(1009,'shoong1009@naver.com',1000,sysdate,'yes',sysdate);
insert into pack_join values(1010,'shoong1010@naver.com',1000,sysdate,'yes',sysdate);
*/

insert into pack_join values(1101,'shoong1101@naver.com',1100,sysdate,'yes',sysdate);
insert into pack_join values(1102,'shoong1102@naver.com',1100,sysdate,'yes',sysdate);
insert into pack_join values(1103,'shoong1103@naver.com',1100,sysdate,'yes',sysdate);
insert into pack_join values(1104,'shoong1104@naver.com',1100,sysdate,'yes',sysdate);
insert into pack_join values(1105,'shoong1105@naver.com',1100,sysdate,'yes',sysdate);
insert into pack_join values(1106,'shoong1106@naver.com',1100,sysdate,'yes',sysdate);
insert into pack_join values(1107,'shoong1107@naver.com',1100,sysdate,'yes',sysdate);
insert into pack_join values(1108,'shoong1108@naver.com',1100,sysdate,'yes',sysdate);
insert into pack_join values(1109,'shoong1109@naver.com',1100,sysdate,'yes',sysdate);
insert into pack_join values(1110,'shoong1110@naver.com',1100,sysdate,'yes',sysdate);

insert into pack_join values(1201,'shoong1201@naver.com',1200,sysdate,'yes',sysdate);
insert into pack_join values(1202,'shoong1202@naver.com',1200,sysdate,'yes',sysdate);
insert into pack_join values(1203,'shoong1203@naver.com',1200,sysdate,'yes',sysdate);
insert into pack_join values(1204,'shoong1204@naver.com',1200,sysdate,'yes',sysdate);
insert into pack_join values(1205,'shoong1205@naver.com',1200,sysdate,'yes',sysdate);
insert into pack_join values(1206,'shoong1206@naver.com',1200,sysdate,'yes',sysdate);
insert into pack_join values(1207,'shoong1207@naver.com',1200,sysdate,'yes',sysdate);
insert into pack_join values(1208,'shoong1208@naver.com',1200,sysdate,'yes',sysdate);
insert into pack_join values(1209,'shoong1209@naver.com',1200,sysdate,'yes',sysdate);
insert into pack_join values(1210,'shoong1210@naver.com',1200,sysdate,'yes',sysdate);

/* =================================================팩 가입 미 승인 ===========================================================*/
insert into pack_join values(1011,'shoong1011@naver.com',1000,sysdate,'no',sysdate);
insert into pack_join values(1012,'shoong1012@naver.com',1000,sysdate,'no',sysdate);
insert into pack_join values(1013,'shoong1013@naver.com',1000,sysdate,'no',sysdate);
insert into pack_join values(1014,'shoong1014@naver.com',1000,sysdate,'no',sysdate);
insert into pack_join values(1015,'shoong1015@naver.com',1000,sysdate,'no',sysdate);

insert into pack_join values(1111,'shoong1111@naver.com',1100,sysdate,'no',sysdate);
insert into pack_join values(1112,'shoong1112@naver.com',1100,sysdate,'no',sysdate);
insert into pack_join values(1113,'shoong1113@naver.com',1100,sysdate,'no',sysdate);
insert into pack_join values(1114,'shoong1114@naver.com',1100,sysdate,'no',sysdate);
insert into pack_join values(1115,'shoong1115@naver.com',1100,sysdate,'no',sysdate);

insert into pack_join values(1211,'shoong1211@naver.com',1200,sysdate,'no',sysdate);
insert into pack_join values(1212,'shoong1212@naver.com',1200,sysdate,'no',sysdate);
insert into pack_join values(1213,'shoong1213@naver.com',1200,sysdate,'no',sysdate);
insert into pack_join values(1214,'shoong1214@naver.com',1200,sysdate,'no',sysdate);
insert into pack_join values(1215,'shoong1215@naver.com',1200,sysdate,'no',sysdate);

/* =================================================팩 공지사항 ===========================================================*/
insert into pack_notice values(1000,'shoong1000@naver.com','1000','연초 회식 공지',sysdate,'코로나로 인해 회식을 연기하기로 했습니다');
insert into pack_notice values(1001,'shoong1000@naver.com','1000','코로나 사항 공지',sysdate,'코로나로 인해 5인 이상 집합을 하면 안됩니다 잘 지켜주세요');
insert into pack_notice values(1002,'shoong1000@naver.com','1000','라이딩시 지참할 물건들',sysdate,'헬멧, 무선 이어폰, 여벌 옷, 회비 꼭 지참해주세요');
insert into pack_notice values(1003,'shoong1000@naver.com','1000','팩 활동이 적으신 분들 제명하겠습니다',sysdate,'팩 활동에 참여 부탁드립니다');
insert into pack_notice values(1004,'shoong1000@naver.com','1000','팩 규칙',sysdate,'서로 욕하면서 싸우지 않습니다');
insert into pack_notice values(1005,'shoong1000@naver.com','1000','팩 장 위임 연기 공지',sysdate,'사정으로 인해 팩 장 위임이 연기 되었습니다');
insert into pack_notice values(1006,'shoong1000@naver.com','1000','팩 장 위임 공지',sysdate,'팩 장이 변경 되었습니다');
insert into pack_notice values(1007,'shoong1000@naver.com','1000','팩 로고 변경 공지',sysdate,'팩 로고가 변경 되었습니다');
insert into pack_notice values(1008,'shoong1000@naver.com','1000','팩 스케줄 등록 공지',sysdate,'무분별한 등록은 자제 부탁드립니다');
insert into pack_notice values(1009,'shoong1000@naver.com','1000','단체 톡방 공지',sysdate,'나이 이름 형식에 맞춰주세요');
insert into pack_notice values(1010,'shoong1000@naver.com','1000','팩 이름 변경 공지',sysdate,'여러분과 의논 후 팩 이름이 변경을 변경하였습니다');
insert into pack_notice values(1011,'shoong1000@naver.com','1000','부팩장 선출 공지',sysdate,'부팩장을 2명 뽑으려고 합니다 많은 지원 부탁드립니다');
insert into pack_notice values(1012,'shoong1000@naver.com','1000','부팩장 공지',sysdate,'부팩장 선임이 완료 되었습니다');
insert into pack_notice values(1013,'shoong1000@naver.com','1000','설날 공지',sysdate,'설날 코로나 조심하시고 즐겁게 보내세요');
insert into pack_notice values(1014,'shoong1000@naver.com','1000','설날 이후 모임 공지',sysdate,'설날 이후 같이 라이딩을 자제 부탁드립니다');

insert into pack_notice values(1100,'shoong1100@naver.com','1100','연초 회식 공지',sysdate,'코로나로 인해 회식을 연기하기로 했습니다');
insert into pack_notice values(1101,'shoong1100@naver.com','1100','코로나 사항 공지',sysdate,'코로나로 인해 5인 이상 집합을 하면 안됩니다 잘 지켜주세요');
insert into pack_notice values(1102,'shoong1100@naver.com','1100','라이딩시 지참할 물건들',sysdate,'헬멧, 무선 이어폰, 여벌 옷, 회비 꼭 지참해주세요');
insert into pack_notice values(1103,'shoong1100@naver.com','1100','팩 활동이 적으신 분들 제명하겠습니다',sysdate,'팩 활동에 참여 부탁드립니다');
insert into pack_notice values(1104,'shoong1100@naver.com','1100','팩 규칙',sysdate,'서로 욕하면서 싸우지 않습니다');
insert into pack_notice values(1105,'shoong1100@naver.com','1100','팩 장 위임 연기 공지',sysdate,'사정으로 인해 팩 장 위임이 연기 되었습니다');
insert into pack_notice values(1106,'shoong1100@naver.com','1100','팩 장 위임 공지',sysdate,'팩 장이 변경 되었습니다');
insert into pack_notice values(1107,'shoong1100@naver.com','1100','팩 로고 변경 공지',sysdate,'팩 로고가 변경 되었습니다');
insert into pack_notice values(1108,'shoong1100@naver.com','1100','팩 스케줄 등록 공지',sysdate,'무분별한 등록은 자제 부탁드립니다');
insert into pack_notice values(1109,'shoong1100@naver.com','1100','단체 톡방 공지',sysdate,'나이 이름 형식에 맞춰주세요');
insert into pack_notice values(1110,'shoong1100@naver.com','1100','팩 이름 변경 공지',sysdate,'여러분과 의논 후 팩 이름이 변경을 변경하였습니다');
insert into pack_notice values(1111,'shoong1100@naver.com','1100','부팩장 선출 공지',sysdate,'부팩장을 2명 뽑으려고 합니다 많은 지원 부탁드립니다');
insert into pack_notice values(1112,'shoong1100@naver.com','1100','부팩장 공지',sysdate,'부팩장 선임이 완료 되었습니다');
insert into pack_notice values(1113,'shoong1100@naver.com','1100','설날 공지',sysdate,'설날 코로나 조심하시고 즐겁게 보내세요');
insert into pack_notice values(1114,'shoong1100@naver.com','1100','설날 이후 모임 공지',sysdate,'설날 이후 같이 라이딩을 자제 부탁드립니다');

insert into pack_notice values(1200,'shoong1200@naver.com','1200','연초 회식 공지',sysdate,'코로나로 인해 회식을 연기하기로 했습니다');
insert into pack_notice values(1201,'shoong1200@naver.com','1200','코로나 사항 공지',sysdate,'코로나로 인해 5인 이상 집합을 하면 안됩니다 잘 지켜주세요');
insert into pack_notice values(1202,'shoong1200@naver.com','1200','라이딩시 지참할 물건들',sysdate,'헬멧, 무선 이어폰, 여벌 옷, 회비 꼭 지참해주세요');
insert into pack_notice values(1203,'shoong1200@naver.com','1200','팩 활동이 적으신 분들 제명하겠습니다',sysdate,'팩 활동에 참여 부탁드립니다');
insert into pack_notice values(1204,'shoong1200@naver.com','1200','팩 규칙',sysdate,'서로 욕하면서 싸우지 않습니다');
insert into pack_notice values(1205,'shoong1200@naver.com','1200','팩 장 위임 연기 공지',sysdate,'사정으로 인해 팩 장 위임이 연기 되었습니다');
insert into pack_notice values(1206,'shoong1200@naver.com','1200','팩 장 위임 공지',sysdate,'팩 장이 변경 되었습니다');
insert into pack_notice values(1207,'shoong1200@naver.com','1200','팩 로고 변경 공지',sysdate,'팩 로고가 변경 되었습니다');
insert into pack_notice values(1208,'shoong1200@naver.com','1200','팩 스케줄 등록 공지',sysdate,'무분별한 등록은 자제 부탁드립니다');
insert into pack_notice values(1209,'shoong1200@naver.com','1200','단체 톡방 공지',sysdate,'나이 이름 형식에 맞춰주세요');
insert into pack_notice values(1210,'shoong1200@naver.com','1200','팩 이름 변경 공지',sysdate,'여러분과 의논 후 팩 이름이 변경을 변경하였습니다');
insert into pack_notice values(1211,'shoong1200@naver.com','1200','부팩장 선출 공지',sysdate,'부팩장을 2명 뽑으려고 합니다 많은 지원 부탁드립니다');
insert into pack_notice values(1212,'shoong1200@naver.com','1200','부팩장 공지',sysdate,'부팩장 선임이 완료 되었습니다');
insert into pack_notice values(1213,'shoong1200@naver.com','1200','설날 공지',sysdate,'설날 코로나 조심하시고 즐겁게 보내세요');
insert into pack_notice values(1214,'shoong1200@naver.com','1200','설날 이후 모임 공지',sysdate,'설날 이후 같이 라이딩을 자제 부탁드립니다');


/* 팩 갤러리 */
insert into pack_gallery values(1001,'packgallery1.jpg',1000);
insert into pack_gallery values(1002,'packgallery2.jpg',1000);
insert into pack_gallery values(1003,'packgallery3.jpg',1000);
insert into pack_gallery values(1004,'packgallery4.jpg',1000);
insert into pack_gallery values(1005,'packgallery5.jpg',1000);
insert into pack_gallery values(1006,'packgallery6.jpg',1000);
insert into pack_gallery values(1007,'packgallery7.jpg',1000);

/* ================================================= Badge Insert ===========================================================*/
INSERT INTO BADGE VALUES(1001,'새싹','0','마일리지','shoongBadge1.png');
INSERT INTO BADGE VALUES(1002,'비기너','1','마일리지','shoongBadge2.png');
INSERT INTO BADGE VALUES(1003,'걸음마','5','마일리지','shoongBadge3.png');
INSERT INTO BADGE VALUES(1004,'동네 산책','10','마일리지','shoongBadge4.png');
INSERT INTO BADGE VALUES(1005,'동네 한바퀴','15','마일리지','shoongBadge5.png');

INSERT INTO USER_BADGE_GET VALUES(1001,1001,'shoong1000@naver.com',sysdate);
INSERT INTO USER_BADGE_GET VALUES(1002,1002,'shoong1000@naver.com',sysdate);
INSERT INTO USER_BADGE_GET VALUES(1003,1003,'shoong1000@naver.com',sysdate);
INSERT INTO USER_BADGE_GET VALUES(1004,1004,'shoong1000@naver.com',sysdate);
INSERT INTO USER_BADGE_GET VALUES(1005,1005,'shoong1000@naver.com',sysdate);

/* shoong1000 프로필 이미지 설정*/
insert into member_profile_img values(1001,'shoong1000@naver.com','shoongBadge4.png');
